marca,modelo,ano,km,renavam
FIAT,MOBI LIKE 1.0,2021/2022 ,76.576 km ,52888407638.0
HYUNDAI,HB20 SENSE 1.0,2022/2022 ,58.682 km ,11175643458.0
FIAT,MOBI LIKE 1.0,2022/2023 ,52.762 km ,90666741018.0
FIAT,MOBI LIKE 1.0 4P,2022/2023 ,60.925 km ,87518236416.0
TOYOTA,COROLLA ALTIS HYBRID AT 1.8 4P,2021/2022 ,25.918 km ,55700164977.0
TOYOTA,COROLLA CROSS XR FLEX 2.0 4P,2021/2022 ,24.954 km ,21182434218.0
RENAULT,LOGAN ZEN 1.0,2022/2023 ,48.120 km ,87033643549.0
VOLKSWAGEN,VOYAGE 1.0,2022/2023 ,22.111 km ,62772229532.0
FIAT,UNO ATTRACTIVE EVO 1.0 4P,2020/2020 ,95.633 km ,83268927630.0
RENAULT,KWID ZEN 1.0 4P,2022/2023 ,18.187 km ,71652862704.0
VOLKSWAGEN,T-CROSS 200 TSI AT 1.0 4P,2022/2022 ,45.430 km ,92792235998.0
VOLKSWAGEN,GOL MPI 1.0 4P,2022/2023 ,68.410 km ,14166110130.0
VOLKSWAGEN,GOL MPI 1.0 4P,2022/2023 ,47.916 km ,1687816378.0
FIAT,ARGO FLEX 1.0 4P,2022/2022 ,65.625 km ,40440795142.0
CHEVROLET,ONIX PLUS TURBO LTZ MT 1.0 4P,2022/2023 ,30.035 km ,34289938382.0
VOLKSWAGEN,GOL MPI MT 1.6 4P,2021/2022 ,57.374 km ,18782046099.0
FIAT,MOBI LIKE 1.0 4P,2022/2023 ,13.411 km ,67887531058.0
FIAT,MOBI LIKE 1.0 4P,2022/2023 ,15.611 km ,67520073206.0
VOLKSWAGEN,VIRTUS MSI AT 1.6 4P,2021/2021 ,87.439 km ,1569764834.0
FIAT,MOBI LIKE 1.0 4P,2022/2023 ,55.178 km ,63605282675.0
VOLKSWAGEN,VOYAGE 1.6,2021/2022 ,72.963 km ,69985920373.0
CHEVROLET,ONIX JOY PLUS BLACK 1.0,2021/2021 ,69.456 km ,78193351380.0
PEUGEOT,208 HATCH ALLURE 1.6,2022/2022 ,50.510 km ,82366874793.0
FIAT,TORO ENDURANCE FLEX AT 4X2 1.8 4P,2021/2022 ,38.426 km ,92877200118.0
HYUNDAI,HB20S COMFORT 1.0,2022/2023 ,68.407 km ,10200121894.0
FIAT,MOBI LIKE 1.0,2022/2023 ,61.547 km ,2977126428.0
HYUNDAI,HB20 COMFORT 1.0,2022/2023 ,57.161 km ,87728833089.0
FIAT,CRONOS DRIVE 1.0,2022/2023 ,55.326 km ,37379256879.0
HYUNDAI,HB20 COMFORT 1.0,2022/2023 ,58.039 km ,24151317092.0
HYUNDAI,HB20S PLATINUM 1.0,2022/2022 ,60.763 km ,96738407295.0
CITROEN,C3 FEEL 1.0,2022/2023 ,40.344 km ,20399882216.0
FIAT,MOBI LIKE 1.0,2021/2022 ,56.354 km ,4739078468.0
HYUNDAI,HB20 COMFORT 1.0,2022/2023 ,55.614 km ,41082075197.0
FIAT,ARGO DRIVE 1.0,2022/2023 ,49.149 km ,58736328859.0
CHERY,TIGGO 8 TXS 7L 1.6,2022/2023 ,9.433 km ,99917464499.0
FIAT,ARGO 1.0,2022/2023 ,52.350 km ,5199914892.0
FIAT,MOBI LIKE 1.0,2022/2023 ,51.621 km ,14402303776.0
CITROEN,C4 CACTUS FEEL AT 1.6 4P,2022/2023 ,40.120 km ,59827862284.0
VOLKSWAGEN,VOYAGE MPI 1.0 4P,2022/2023 ,51.330 km ,3041052164.0
FIAT,UNO ATTRACTIVE EVO 1.0 4P,2020/2020 ,21.868 km ,16426477703.0
FIAT,MOBI LIKE 1.0 4P,2022/2023 ,62.593 km ,47515110218.0
FIAT,ARGO 1.0,2021/2022 ,81.878 km ,69519372778.0
FIAT,ARGO DRIVE 1.0,2022/2023 ,45.869 km ,72223319405.0
FIAT,NOVA STRADA ENDURANCE CABINE PLUS 1.4,2021/2022 ,49.467 km ,27404917073.0
FIAT,ARGO 1.0,2022/2022 ,51.534 km ,46560285789.0
FIAT,ARGO DRIVE 1.0,2022/2023 ,49.740 km ,87416703746.0
VOLKSWAGEN,GOL MPI 1.0 4P,2020/2021 ,51.241 km ,71795235313.0
FIAT,ARGO 1.0,2022/2023 ,55.662 km ,43061373327.0
FIAT,MOBI LIKE 1.0,2022/2023 ,60.870 km ,3135387156.0
FIAT,CRONOS 1.3,2022/2022 ,75.807 km ,61452677983.0
FIAT,ARGO 1.0,2022/2023 ,51.904 km ,60530315671.0
CHEVROLET,ONIX LTZ 1.0,2023/2023 ,15.520 km ,85511954043.0
VOLKSWAGEN,T-CROSS HIGHLINE 1.4,2020/2021 ,42.395 km ,61405816254.0
CITROEN,C3 FEEL 1.0,2022/2023 ,39.683 km ,4697099926.0
JEEP,RENEGADE LONGITUDE FLEX 4X2 AT 1.8 4P,2021/2021 ,30.063 km ,71789469414.0
RENAULT,DUSTER ICONIC AT SCE 1.6 4P,2022/2023 ,20.352 km ,92823011391.0
FIAT,CRONOS DRIVE 1.0,2022/2023 ,58.817 km ,64769903288.0
RENAULT,KWID ZEN 1.0,2021/2022 ,43.443 km ,37130888516.0
FIAT,CRONOS DRIVE 1.0,2022/2023 ,57.985 km ,35100146995.0
HYUNDAI,HB20 COMFORT 1.0,2022/2023 ,52.225 km ,73016551088.0
HYUNDAI,HB20 COMFORT 1.0,2022/2023 ,69.574 km ,65751690681.0
HYUNDAI,HB20 EVOLUTION 1.0 4P,2022/2022 ,53.144 km ,78664915.0
FIAT,MOBI LIKE 1.0 4P,2021/2021 ,33.712 km ,20043266553.0
CITROEN,C4 CACTUS FEEL AT 1.6 4P,2022/2022 ,40.925 km ,75524628756.0
FIAT,CRONOS DRIVE 1.3 4P,2022/2022 ,52.682 km ,26037200173.0
FORD,KA SEDAN SE PLUS AT 1.5 4P,2020/2020 ,41.973 km ,5885090142.0
FIAT,CRONOS DRIVE 1.3 4P,2022/2022 ,52.654 km ,15262821268.0
JEEP,RENEGADE LONGITUDE FLEX 4X2 AT 1.8 4P,2021/2021 ,26.383 km ,47726134299.0
VOLKSWAGEN,GOL MPI 1.0 4P,2022/2023 ,57.741 km ,68507212926.0
FIAT,ARGO FLEX 1.0 4P,2022/2023 ,31.843 km ,67676496069.0
VOLKSWAGEN,VOYAGE MPI 1.0 4P,2021/2022 ,43.339 km ,74553651350.0
CHEVROLET,ONIX PLUS TURBO LTZ MT 1.0 4P,2021/2022 ,39.669 km ,51448064569.0
VOLKSWAGEN,GOL 1.0,2022/2023 ,49.899 km ,55539423173.0
FIAT,ARGO 1.0,2022/2023 ,51.826 km ,61727297199.0
FIAT,MOBI LIKE 1.0 4P,2022/2023 ,17.259 km ,80112539636.0
VOLKSWAGEN,VOYAGE MPI AT 1.6 4P,2021/2022 ,77.396 km ,41184516569.0
VOLKSWAGEN,GOL MPI 1.0 4P,2020/2021 ,70.504 km ,43200946039.0
CITROEN,C3 FEEL 1.0,2022/2023 ,35.763 km ,57529498972.0
FIAT,ARGO DRIVE 1.0,2021/2021 ,50.384 km ,38072429591.0
HYUNDAI,HB20 COMFORT 1.0,2022/2023 ,61.832 km ,78440698059.0
FIAT,MOBI LIKE 1.0,2022/2023 ,52.343 km ,74465908666.0
FIAT,TORO FREEDOM 1.3,2022/2023 ,45.812 km ,59377505343.0
FIAT,MOBI LIKE 1.0,2022/2023 ,52.410 km ,76701787850.0
HYUNDAI,HB20 COMFORT 1.0,2022/2023 ,57.543 km ,74960715383.0
HYUNDAI,HB20S COMFORT 1.0,2022/2023 ,57.367 km ,75119757431.0
VOLKSWAGEN,GOL MPI 1.0 4P,2020/2021 ,81.826 km ,20215069971.0
HYUNDAI,HB20 COMFORT 1.0,2022/2023 ,55.082 km ,1211249961.0
FIAT,ARGO FLEX 1.0 4P,2021/2022 ,32.622 km ,73359841048.0
FIAT,ARGO FLEX 1.0 4P,2022/2023 ,59.666 km ,31860440248.0
FIAT,MOBI LIKE 1.0 4P,2022/2022 ,56.781 km ,52629264029.0
CHEVROLET,ONIX PLUS TURBO LTZ AT 1.0 4P,2022/2023 ,30.004 km ,7424213073.0
HYUNDAI,HB20 VISION 1.0,2022/2022 ,74.916 km ,7734363839.0
HYUNDAI,HB20 COMFORT 1.0,2022/2023 ,53.215 km ,59872433344.0
HYUNDAI,HB20 LIMITED 1.0,2022/2023 ,63.024 km ,3636042067.0
FIAT,ARGO DRIVE 1.0,2022/2023 ,40.207 km ,9631174571.0
VOLKSWAGEN,VIRTUS MSI AT 1.6 4P,2019/2020 ,77.416 km ,62565347535.0
FIAT,ARGO FLEX 1.0 4P,2022/2023 ,77.416 km ,43086115581.0
HYUNDAI,HB20 LIMITED 1.0,2022/2023 ,56.395 km ,64828562355.0
VOLKSWAGEN,VOYAGE 1.6,2021/2022 ,18.535 km ,14218394251.0
HYUNDAI,HB20 COMFORT 1.0,2022/2023 ,46.409 km ,28548332409.0
VOLKSWAGEN,VOYAGE 1.6,2021/2022 ,64.049 km ,11559360182.0
FIAT,MOBI LIKE 1.0,2022/2023 ,54.533 km ,26667605830.0
HYUNDAI,HB20S PLATINUM TGDI AT 1.0 4P,2022/2022 ,27.540 km ,97041218810.0
FIAT,MOBI LIKE 1.0,2022/2023 ,58.120 km ,74825807617.0
VOLKSWAGEN,GOL 1.0,2022/2023 ,62.495 km ,2837734671.0
FIAT,MOBI LIKE 1.0,2022/2023 ,52.048 km ,50981630345.0
FIAT,MOBI LIKE 1.0,2022/2023 ,61.309 km ,93712986642.0
FIAT,MOBI LIKE 1.0,2022/2023 ,61.073 km ,74585544993.0
CHEVROLET,SPIN PREMIER 7L 1.8,2022/2023 ,42.525 km ,41527605077.0
FIAT,ARGO DRIVE 1.0,2020/2021 ,38.325 km ,32770787407.0
HYUNDAI,HB20 COMFORT 1.0,2022/2023 ,60.919 km ,50157532186.0
CITROEN,C3 LIVE PACK 1.0,2022/2023 ,47.066 km ,83827698988.0
FIAT,ARGO FLEX 1.0 4P,2021/2022 ,37.220 km ,19375358528.0
VOLKSWAGEN,GOL 1.0,2022/2023 ,52.297 km ,99165148661.0
FIAT,MOBI LIKE 1.0,2022/2023 ,43.000 km ,29607366086.0
HYUNDAI,HB20 COMFORT 1.0,2022/2023 ,48.228 km ,71476157266.0
FIAT,ARGO 1.0,2022/2023 ,58.546 km ,52469786086.0
HYUNDAI,HB20 COMFORT 1.0,2022/2023 ,49.434 km ,21715833149.0
CHEVROLET,ONIX PLUS LT 1.0,2022/2023 ,46.430 km ,97677846602.0
VOLKSWAGEN,NIVUS HIGHLINE 200 TSI AT 1.0 4P,2022/2022 ,23.745 km ,4254314427.0
RENAULT,CAPTUR INTENSE AT SCE 1.6 4P,2019/2020 ,49.959 km ,12484641319.0
HYUNDAI,HB20 EVOLUTION 1.0 4P,2021/2022 ,20.478 km ,75388919206.0
FIAT,UNO ATTRACTIVE EVO 1.0 4P,2020/2020 ,53.547 km ,25680081310.0
FIAT,GRAND SIENA FLEX MT 1.4 4P,2021/2021 ,23.187 km ,34986202152.0
JEEP,RENEGADE LONGITUDE FLEX 4X2 AT 1.8 4P,2019/2020 ,51.131 km ,1710226059.0
MITSUBISHI,ECLIPSE CROSS HPE 1.5,2022/2023 ,47.270 km ,70019209934.0
HYUNDAI,HB20 COMFORT 1.0,2022/2023 ,61.748 km ,25629158627.0
FIAT,MOBI LIKE 1.0,2022/2023 ,75.411 km ,99961633950.0
HYUNDAI,HB20 COMFORT 1.0,2022/2023 ,54.248 km ,85965145685.0
VOLKSWAGEN,NIVUS HIGHLINE 200 TSI AT 1.0 4P,2022/2023 ,3.896 km ,12149150849.0
PEUGEOT,208 LIKE ESSENCIAL MT 1.6 4P,2021/2022 ,47.623 km ,3623557192.0
VOLKSWAGEN,VOYAGE MPI AT 1.6 4P,2021/2022 ,36.725 km ,71097523382.0
RENAULT,CAPTUR INTENSE AT SCE 1.6 4P,2019/2020 ,83.226 km ,95304746640.0
RENAULT,DUSTER ZEN AT SCE 1.6 4P,2020/2021 ,95.258 km ,62368987502.0
HYUNDAI,HB20 EVOLUTION 1.0,2022/2022 ,51.287 km ,2746669439.0
FIAT,ARGO FLEX 1.0 4P,2022/2023 ,64.453 km ,99922367570.0
VOLKSWAGEN,VOYAGE MPI 1.0 4P,2021/2022 ,58.239 km ,55974168963.0
CHEVROLET,ONIX LT AT TURBO 1.0 4P,2020/2020 ,46.319 km ,14064068285.0
HYUNDAI,HB20 COMFORT 1.0,2022/2023 ,36.550 km ,16044642682.0
FIAT,MOBI LIKE 1.0,2022/2023 ,60.230 km ,40358790082.0
VOLKSWAGEN,JETTA R-LINE 250 TSI 1.4 4P,2019/2020 ,49.039 km ,84828846073.0
FIAT,TORO ENDURANCE FLEX MT 4X2 1.8 4P,2020/2020 ,37.115 km ,75904642853.0
FIAT,CRONOS DRIVE 1.0,2022/2023 ,40.676 km ,35277649118.0
VOLKSWAGEN,GOL MPI 1.0 4P,2019/2020 ,20.283 km ,83852322817.0
CHERY,TIGGO 5X PRO 1.5,2022/2023 ,16.866 km ,12127985943.0
CHEVROLET,ONIX PLUS LT 1.0,2022/2023 ,27.451 km ,64904382626.0
CHEVROLET,SPIN PREMIER 7L 1.8,2022/2023 ,43.857 km ,39000865062.0
MITSUBISHI,ECLIPSE CROSS GLS 1.5,2022/2023 ,39.461 km ,59054719760.0
RENAULT,DUSTER EXPRESSION AT SCE 1.6 4P,2019/2020 ,50.706 km ,68393646551.0
VOLKSWAGEN,T-CROSS COMFORTLINE 1.0,2022/2023 ,47.610 km ,93982661258.0
RENAULT,DUSTER EXPRESSION AT SCE 1.6 4P,2019/2020 ,65.677 km ,4502224934.0
VOLVO,XC40 T4 MOMENTUM 2.0,2020/2021 ,34.307 km ,27065436152.0
VOLKSWAGEN,GOL MPI 1.0 4P,2022/2023 ,47.931 km ,51047591812.0
JEEP,COMPASS LIMITED FLEX 4X2 AT 2.0 4P,2020/2021 ,35.874 km ,69472209932.0
VOLKSWAGEN,GOL MPI MT 1.6 4P,2020/2021 ,88.690 km ,90462087589.0
VOLKSWAGEN,TIGUAN ALLSPACE COMFORTLINE 7L 1.4,2019/2019 ,70.813 km ,18844443037.0
FIAT,CRONOS DRIVE 1.3,2022/2022 ,42.098 km ,84313319926.0
FIAT,ARGO DRIVE 1.0 4P,2022/2022 ,18.503 km ,41307729825.0
FIAT,CRONOS DRIVE 1.3,2022/2022 ,43.356 km ,95927799910.0
FIAT,CRONOS DRIVE 1.3 4P,2022/2022 ,50.926 km ,13048940323.0
VOLKSWAGEN,VOYAGE 1.6,2021/2022 ,61.897 km ,70356773436.0
TOYOTA,COROLLA XEI VVT-IE AT 2.0 4P,2021/2022 ,39.921 km ,29819260779.0
FIAT,ARGO DRIVE 1.0 4P,2020/2020 ,66.288 km ,98906427691.0
FIAT,STRADA CP ENDURANCE FLEX 1.4 2P,2022/2022 ,25.980 km ,65022905021.0
HYUNDAI,HB20S EVOLUTION 1.0,2022/2022 ,71.575 km ,35403515106.0
HYUNDAI,HB20 EVOLUTION 1.0 4P,2022/2022 ,78.809 km ,12953031404.0
HYUNDAI,HB20 VISION 1.0 4P,2022/2022 ,41.885 km ,53984411523.0
VOLKSWAGEN,VOYAGE MPI 1.0 4P,2022/2023 ,40.579 km ,57298699220.0
FIAT,CRONOS DRIVE 1.3,2022/2022 ,46.629 km ,22367699874.0
VOLKSWAGEN,GOL MPI 1.0 4P,2021/2022 ,73.549 km ,9532000268.0
VOLKSWAGEN,VIRTUS COMFORTLINE 200 TSI AT 1.0 4P,2021/2021 ,50.200 km ,39974295204.0
FIAT,ARGO DRIVE 1.0,2022/2023,52.296 km,63159893164.0
FIAT,ARGO 1.0,2022/2023,34.714 km,43815580927.0
HYUNDAI,HB20 SENSE 1.0,2022/2022,58.682 km,86659765373.0
FIAT,MOBI LIKE 1.0,2022/2023,52.762 km,33946951778.0
FIAT,MOBI LIKE 1.0 4P,2022/2023,60.925 km,97222626774.0
TOYOTA,COROLLA ALTIS HYBRID AT 1.8 4P,2021/2022,25.918 km,67680477929.0
RENAULT,LOGAN ZEN 1.0,2022/2023,48.120 km,52742773510.0
VOLKSWAGEN,VOYAGE 1.0,2022/2023,22.111 km,2421213885.0
FIAT,UNO ATTRACTIVE EVO 1.0 4P,2020/2020,95.633 km,3300703642.0
RENAULT,KWID ZEN 1.0 4P,2022/2023,18.187 km,25703486557.0
VOLKSWAGEN,T-CROSS 200 TSI AT 1.0 4P,2022/2022,45.430 km,91453285296.0
VOLKSWAGEN,GOL MPI 1.0 4P,2022/2023,68.410 km,98962001358.0
VOLKSWAGEN,GOL MPI 1.0 4P,2022/2023,47.916 km,23998544450.0
FIAT,ARGO FLEX 1.0 4P,2022/2022,65.625 km,33405496622.0
CHEVROLET,ONIX PLUS TURBO LTZ MT 1.0 4P,2022/2023,30.035 km,40522283797.0
VOLKSWAGEN,GOL MPI MT 1.6 4P,2021/2022,57.374 km,97422379106.0
FIAT,MOBI LIKE 1.0 4P,2022/2023,13.411 km,9930196481.0
FIAT,MOBI LIKE 1.0 4P,2022/2023,15.611 km,32272947735.0
FIAT,MOBI LIKE 1.0 4P,2022/2023,55.178 km,80818124040.0
VOLKSWAGEN,VOYAGE 1.6,2021/2022,72.963 km,1119779331.0
CHEVROLET,ONIX JOY PLUS BLACK 1.0,2021/2021,69.456 km,82841910840.0
FIAT,TORO ENDURANCE FLEX AT 4X2 1.8 4P,2021/2022,38.426 km,31829117387.0
HYUNDAI,HB20S COMFORT 1.0,2022/2023,68.407 km,87244499328.0
HYUNDAI,HB20 COMFORT 1.0,2022/2023,57.168 km,71317521184.0
FIAT,CRONOS DRIVE 1.0,2022/2023,55.326 km,38657205274.0
HYUNDAI,HB20S PLATINUM 1.0,2022/2022,60.763 km,24883101396.0
CITROEN,C3 FEEL 1.0,2022/2023,40.344 km,41725048919.0
FIAT,MOBI LIKE 1.0,2021/2022,56.354 km,95182786019.0
HYUNDAI,HB20 COMFORT 1.0,2022/2023,55.614 km,30891745781.0
CHERY,TIGGO 8 TXS 7L 1.6,2022/2023,9.433 km,77097263386.0
FIAT,CRONOS DRIVE 1.3,2022/2022,40.243 km,10491791396.0
CITROEN,C4 CACTUS FEEL AT 1.6 4P,2022/2023,40.120 km,93098362429.0
VOLKSWAGEN,VOYAGE MPI 1.0 4P,2022/2023,51.330 km,62921863637.0
FIAT,UNO ATTRACTIVE EVO 1.0 4P,2020/2020,21.868 km,17097050804.0
FIAT,MOBI LIKE 1.0 4P,2022/2023,62.593 km,14567430325.0
FIAT,ARGO DRIVE 1.0,2022/2023,45.869 km,62515274093.0
FIAT,NOVA STRADA ENDURANCE CABINE PLUS 1.4,2021/2022,49.467 km,82175674445.0
FIAT,ARGO 1.0,2022/2022,51.534 km,64615550553.0
FIAT,ARGO DRIVE 1.0,2022/2023,49.740 km,99952048632.0
VOLKSWAGEN,GOL MPI 1.0 4P,2020/2021,51.241 km,70628665024.0
FIAT,ARGO 1.0,2022/2023,55.662 km,50635913470.0
FIAT,MOBI LIKE 1.0,2022/2023,60.870 km,37444597001.0
CHEVROLET,ONIX LTZ 1.0,2023/2023,15.520 km,61818892782.0
VOLKSWAGEN,T-CROSS HIGHLINE 1.4,2020/2021,42.395 km,46224216729.0
CITROEN,C3 FEEL 1.0,2022/2023,39.683 km,57621166538.0
JEEP,RENEGADE LONGITUDE FLEX 4X2 AT 1.8 4P,2021/2021,30.063 km,8668901749.0
RENAULT,DUSTER ICONIC AT SCE 1.6 4P,2022/2023,20.352 km,78692189027.0
RENAULT,KWID ZEN 1.0,2021/2022,43.443 km,39661361877.0
FIAT,CRONOS DRIVE 1.0,2022/2023,57.985 km,61682296888.0
HYUNDAI,HB20 EVOLUTION 1.0 4P,2022/2022,53.144 km,32773683587.0
FIAT,MOBI LIKE 1.0 4P,2021/2021,33.712 km,20077340031.0
CITROEN,C4 CACTUS FEEL AT 1.6 4P,2022/2022,40.925 km,8859523871.0
FIAT,CRONOS DRIVE 1.3 4P,2022/2022,52.682 km,5249703594.0
FORD,KA SEDAN SE PLUS AT 1.5 4P,2020/2020,41.973 km,85339203942.0
JEEP,RENEGADE LONGITUDE FLEX 4X2 AT 1.8 4P,2021/2021,26.383 km,43170985983.0
VOLKSWAGEN,GOL MPI 1.0 4P,2022/2023,57.741 km,89819787064.0
FIAT,ARGO FLEX 1.0 4P,2022/2023,31.843 km,51893633825.0
VOLKSWAGEN,VOYAGE MPI 1.0 4P,2021/2022,43.339 km,75097174045.0
VOLKSWAGEN,VOYAGE 1.0,2022/2023,60.018 km,3100221129.0
CHEVROLET,ONIX PLUS TURBO LTZ MT 1.0 4P,2021/2022,39.669 km,17532869642.0
VOLKSWAGEN,GOL 1.0,2022/2023,49.899 km,48159439096.0
FIAT,ARGO 1.0,2022/2023,51.826 km,82631265642.0
FIAT,MOBI LIKE 1.0 4P,2022/2023,17.259 km,21025037661.0
VOLKSWAGEN,VOYAGE MPI AT 1.6 4P,2021/2022,77.396 km,11778269443.0
VOLKSWAGEN,GOL MPI 1.0 4P,2020/2021,70.504 km,8669256920.0
CITROEN,C3 FEEL 1.0,2022/2023,35.763 km,75673992828.0
HYUNDAI,HB20 COMFORT 1.0,2022/2023,61.832 km,16391120438.0
HYUNDAI,HB20 COMFORT 1.0,2022/2023,59.042 km,28622404822.0
HYUNDAI,HB20 COMFORT 1.0,2022/2023,50.328 km,66143994984.0
FIAT,ARGO FLEX 1.0 4P,2021/2022,32.622 km,93095514817.0
FIAT,ARGO FLEX 1.0 4P,2022/2023,59.666 km,25188235805.0
FIAT,MOBI LIKE 1.0 4P,2022/2022,56.781 km,32766269117.0
CHEVROLET,ONIX PLUS TURBO LTZ AT 1.0 4P,2022/2023,30.004 km,29896827516.0
HYUNDAI,HB20 VISION 1.0,2022/2022,74.916 km,33586142265.0
HYUNDAI,HB20 LIMITED 1.0,2022/2023,63.024 km,5344796117.0
FIAT,ARGO DRIVE 1.0,2022/2023,40.207 km,4487685521.0
VOLKSWAGEN,VIRTUS MSI AT 1.6 4P,2019/2020,77.416 km,55362332917.0
FIAT,ARGO FLEX 1.0 4P,2022/2023,77.416 km,43917903678.0
HYUNDAI,HB20 LIMITED 1.0,2022/2023,56.395 km,34891684758.0
HYUNDAI,HB20S PLATINUM TGDI AT 1.0 4P,2022/2022,27.540 km,93484816986.0
VOLKSWAGEN,GOL 1.0,2022/2023,62.495 km,77327711668.0
FIAT,MOBI LIKE 1.0,2022/2023,61.309 km,18231674146.0
FIAT,MOBI LIKE 1.0,2022/2023,61.073 km,92044079172.0
CHEVROLET,SPIN PREMIER 7L 1.8,2022/2023,42.525 km,89709459032.0
FIAT,ARGO DRIVE 1.0,2020/2021,38.325 km,48258005109.0
FIAT,ARGO FLEX 1.0 4P,2021/2022,37.220 km,62299661493.0
VOLKSWAGEN,GOL 1.0,2022/2023,52.297 km,3451217355.0
FIAT,MOBI LIKE 1.0,2022/2023,43.000 km,9220213503.0
HYUNDAI,HB20 COMFORT 1.0,2022/2023,48.228 km,24157788242.0
CHEVROLET,TRACKER PREMIER 1.2,2022/2023,52.938 km,42552548174.0
HYUNDAI,HB20 COMFORT 1.0,2022/2023,49.434 km,61888676886.0
CHEVROLET,ONIX PLUS LT 1.0,2022/2023,46.430 km,93361120238.0
VOLKSWAGEN,NIVUS HIGHLINE 200 TSI AT 1.0 4P,2022/2022,23.745 km,83478919623.0
RENAULT,CAPTUR INTENSE AT SCE 1.6 4P,2019/2020,49.959 km,38242753560.0
FIAT,UNO ATTRACTIVE EVO 1.0 4P,2020/2020,53.547 km,59510689988.0
MITSUBISHI,ECLIPSE CROSS HPE 1.5,2022/2023,47.270 km,78466764472.0
HYUNDAI,HB20 COMFORT 1.0,2022/2023,61.748 km,77959880861.0
FIAT,MOBI LIKE 1.0,2022/2023,75.411 km,49653372568.0
HYUNDAI,HB20 COMFORT 1.0,2022/2023,54.248 km,38760086788.0
VOLKSWAGEN,NIVUS HIGHLINE 200 TSI AT 1.0 4P,2022/2023,3.896 km,88153422169.0
VOLKSWAGEN,VOYAGE MPI AT 1.6 4P,2021/2022,36.725 km,38221364116.0
RENAULT,CAPTUR INTENSE AT SCE 1.6 4P,2019/2020,83.226 km,46069852452.0
RENAULT,DUSTER ZEN AT SCE 1.6 4P,2020/2021,95.258 km,14996046897.0
VOLKSWAGEN,T-CROSS COMFORTLINE 1.0,2022/2023,42.663 km,12524008447.0
FIAT,ARGO FLEX 1.0 4P,2022/2023,64.453 km,84940615999.0
VOLKSWAGEN,VOYAGE MPI 1.0 4P,2021/2022,58.239 km,58566763706.0
FIAT,MOBI LIKE 1.0,2022/2023,60.230 km,30499757813.0
VOLKSWAGEN,JETTA R-LINE 250 TSI 1.4 4P,2019/2020,49.039 km,14023976050.0
FIAT,TORO ENDURANCE FLEX MT 4X2 1.8 4P,2020/2020,37.115 km,2154421937.0
FIAT,CRONOS DRIVE 1.0,2022/2023,40.676 km,10770799042.0
VOLKSWAGEN,GOL MPI 1.0 4P,2019/2020,20.283 km,64154362369.0
CHERY,TIGGO 5X PRO 1.5,2022/2023,16.866 km,78493301163.0
CHEVROLET,ONIX PLUS LT 1.0,2022/2023,27.451 km,36004944897.0
MITSUBISHI,ECLIPSE CROSS GLS 1.5,2022/2023,39.461 km,91085380431.0
RENAULT,DUSTER EXPRESSION AT SCE 1.6 4P,2019/2020,50.706 km,29235219650.0
RENAULT,DUSTER EXPRESSION AT SCE 1.6 4P,2019/2020,65.677 km,14080125222.0
VOLVO,XC40 T4 MOMENTUM 2.0,2020/2021,34.307 km,51335057908.0
VOLKSWAGEN,GOL MPI 1.0 4P,2022/2023,47.931 km,80406584663.0
JEEP,COMPASS LIMITED FLEX 4X2 AT 2.0 4P,2020/2021,35.874 km,13901382656.0
VOLKSWAGEN,GOL MPI MT 1.6 4P,2020/2021,88.690 km,12380677889.0
VOLKSWAGEN,TIGUAN ALLSPACE COMFORTLINE 7L 1.4,2019/2019,70.813 km,84274055965.0
FIAT,ARGO DRIVE 1.0 4P,2022/2022,18.503 km,30703776978.0
FIAT,CRONOS DRIVE 1.3,2022/2022,43.356 km,89538514648.0
FIAT,CRONOS DRIVE 1.3 4P,2022/2022,50.926 km,95157275286.0
VOLKSWAGEN,VOYAGE 1.6,2021/2022,61.897 km,94453282865.0
TOYOTA,COROLLA XEI VVT-IE AT 2.0 4P,2021/2022,39.921 km,22024520643.0
FIAT,ARGO DRIVE 1.0 4P,2020/2020,66.288 km,93661593480.0
FIAT,STRADA CP ENDURANCE FLEX 1.4 2P,2022/2022,25.980 km,14484679291.0
HYUNDAI,HB20 EVOLUTION 1.0 4P,2022/2022,78.809 km,41638683961.0
HYUNDAI,HB20 VISION 1.0 4P,2022/2022,41.885 km,57389754123.0
VOLKSWAGEN,VOYAGE MPI 1.0 4P,2022/2023,40.579 km,43841831236.0
VOLKSWAGEN,GOL MPI 1.0 4P,2021/2022,73.549 km,93407152433.0
VOLKSWAGEN,VIRTUS COMFORTLINE 200 TSI AT 1.0 4P,2021/2021,50.200 km,59775783713.0
FIAT,ARGO DRIVE 1.0,2022/2022,33.892 km,54443974444.0
HYUNDAI,HB20 SENSE 1.0,"2022/2023
","52.974 km
",23923363822.0
FIAT,ARGO DRIVE 1.0,"2022/2023
","52.296 km
",45816205313.0
FIAT,ARGO 1.0,"2022/2023
","34.714 km
",66573203444.0
FIAT,MOBI LIKE 1.0,"2022/2023
","52.762 km
",9918146444.0
FIAT,MOBI LIKE 1.0 4P,"2022/2023
","60.925 km
",29304139655.0
TOYOTA,COROLLA ALTIS HYBRID AT 1.8 4P,"2021/2022
","25.918 km
",68214626643.0
RENAULT,LOGAN ZEN 1.0,"2022/2023
","48.120 km
",14191794386.0
VOLKSWAGEN,VOYAGE 1.0,"2022/2023
","22.111 km
",42832354995.0
FIAT,UNO ATTRACTIVE EVO 1.0 4P,"2020/2020
","95.633 km
",92702512438.0
RENAULT,KWID ZEN 1.0 4P,"2022/2023
","18.187 km
",17509500789.0
VOLKSWAGEN,T-CROSS 200 TSI AT 1.0 4P,"2022/2022
","45.430 km
",61381057595.0
VOLKSWAGEN,GOL MPI 1.0 4P,"2022/2023
","68.410 km
",63580753094.0
VOLKSWAGEN,GOL MPI 1.0 4P,"2022/2023
","47.916 km
",91134726342.0
FIAT,ARGO FLEX 1.0 4P,"2022/2022
","65.625 km
",73487793130.0
CHEVROLET,ONIX PLUS TURBO LTZ MT 1.0 4P,"2022/2023
","30.035 km
",26194637981.0
VOLKSWAGEN,GOL MPI MT 1.6 4P,"2021/2022
","57.374 km
",4077182954.0
FIAT,MOBI LIKE 1.0 4P,"2022/2023
","13.411 km
",13183972919.0
FIAT,MOBI LIKE 1.0 4P,"2022/2023
","15.611 km
",98913976670.0
FIAT,MOBI LIKE 1.0 4P,"2022/2023
","55.178 km
",59648143280.0
VOLKSWAGEN,VOYAGE 1.6,"2021/2022
","72.963 km
",42691352189.0
CHEVROLET,ONIX JOY PLUS BLACK 1.0,"2021/2021
","69.456 km
",42088275404.0
FIAT,TORO ENDURANCE FLEX AT 4X2 1.8 4P,"2021/2022
","38.426 km
",43341609932.0
HYUNDAI,HB20 COMFORT 1.0,"2022/2023
","57.168 km
",810241671.0
FIAT,CRONOS DRIVE 1.0,"2022/2023
","55.326 km
",21181621761.0
HYUNDAI,HB20S PLATINUM 1.0,"2022/2022
","60.763 km
",34397275276.0
CITROEN,C3 FEEL 1.0,"2022/2023
","40.344 km
",13452409182.0
FIAT,MOBI LIKE 1.0,"2021/2022
","56.354 km
",83605043114.0
HYUNDAI,HB20 COMFORT 1.0,"2022/2023
","55.614 km
",56037002534.0
CHERY,TIGGO 8 TXS 7L 1.6,"2022/2023
","9.433 km
",24910505114.0
FIAT,CRONOS DRIVE 1.3,"2022/2022
","40.243 km
",21076447425.0
CITROEN,C4 CACTUS FEEL AT 1.6 4P,"2022/2023
","40.120 km
",58687906865.0
VOLKSWAGEN,VOYAGE MPI 1.0 4P,"2022/2023
","51.330 km
",25764795689.0
FIAT,UNO ATTRACTIVE EVO 1.0 4P,"2020/2020
","21.868 km
",27193597298.0
FIAT,MOBI LIKE 1.0 4P,"2022/2023
","62.593 km
",12005386288.0
FIAT,ARGO DRIVE 1.0,"2022/2023
","45.869 km
",22052741867.0
FIAT,NOVA STRADA ENDURANCE CABINE PLUS 1.4,"2021/2022
","49.467 km
",57791363588.0
FIAT,ARGO 1.0,"2022/2022
","51.534 km
",16097046831.0
FIAT,ARGO DRIVE 1.0,"2022/2023
","49.740 km
",48831287734.0
VOLKSWAGEN,GOL MPI 1.0 4P,"2020/2021
","51.241 km
",67269655664.0
FIAT,ARGO 1.0,"2022/2023
","55.662 km
",97238555381.0
FIAT,MOBI LIKE 1.0,"2022/2023
","60.870 km
",44102930766.0
CHEVROLET,ONIX LTZ 1.0,"2023/2023
","15.520 km
",350667140.0
VOLKSWAGEN,T-CROSS HIGHLINE 1.4,"2020/2021
","42.395 km
",27175694582.0
CITROEN,C3 FEEL 1.0,"2022/2023
","39.683 km
",47368291546.0
JEEP,RENEGADE LONGITUDE FLEX 4X2 AT 1.8 4P,"2021/2021
","30.063 km
",14388868179.0
RENAULT,DUSTER ICONIC AT SCE 1.6 4P,"2022/2023
","20.352 km
",62290672686.0
JEEP,RENEGADE LONGITUDE 1.8,"2021/2021
","61.145 km
",78791391611.0
FIAT,CRONOS DRIVE 1.0,"2022/2023
","57.985 km
",55889134433.0
HYUNDAI,HB20 EVOLUTION 1.0 4P,"2022/2022
","53.144 km
",31524013480.0
FIAT,MOBI LIKE 1.0 4P,"2021/2021
","33.712 km
",40857931167.0
CITROEN,C4 CACTUS FEEL AT 1.6 4P,"2022/2022
","40.925 km
",39874612544.0
FIAT,CRONOS DRIVE 1.3 4P,"2022/2022
","52.682 km
",48129661268.0
FORD,KA SEDAN SE PLUS AT 1.5 4P,"2020/2020
","41.973 km
",37171325.0
JEEP,RENEGADE LONGITUDE FLEX 4X2 AT 1.8 4P,"2021/2021
","26.383 km
",34714962489.0
VOLKSWAGEN,GOL MPI 1.0 4P,"2022/2023
","57.741 km
",97009957572.0
FIAT,ARGO FLEX 1.0 4P,"2022/2023
","31.843 km
",76900544840.0
VOLKSWAGEN,VOYAGE MPI 1.0 4P,"2021/2022
","43.339 km
",82062309517.0
VOLKSWAGEN,VOYAGE 1.0,"2022/2023
","60.018 km
",94082639262.0
CHEVROLET,ONIX PLUS TURBO LTZ MT 1.0 4P,"2021/2022
","39.669 km
",80034119815.0
VOLKSWAGEN,GOL 1.0,"2022/2023
","49.899 km
",3336563665.0
FIAT,ARGO 1.0,"2022/2023
","51.826 km
",68072879386.0
FIAT,MOBI LIKE 1.0 4P,"2022/2023
","17.259 km
",9661030582.0
VOLKSWAGEN,VOYAGE MPI AT 1.6 4P,"2021/2022
","77.396 km
",4969837718.0
VOLKSWAGEN,GOL MPI 1.0 4P,"2020/2021
","70.504 km
",72590551425.0
CITROEN,C3 FEEL 1.0,"2022/2023
","35.763 km
",22104083122.0
HYUNDAI,HB20 COMFORT 1.0,"2022/2023
","61.832 km
",22562851819.0
HYUNDAI,HB20 COMFORT 1.0,"2022/2023
","59.042 km
",16506325102.0
FIAT,ARGO FLEX 1.0 4P,"2021/2022
","32.622 km
",91795937003.0
FIAT,ARGO FLEX 1.0 4P,"2022/2023
","59.666 km
",66675392706.0
FIAT,MOBI LIKE 1.0 4P,"2022/2022
","56.781 km
",95072317525.0
CHEVROLET,ONIX PLUS TURBO LTZ AT 1.0 4P,"2022/2023
","30.004 km
",48478690441.0
HYUNDAI,HB20 VISION 1.0,"2022/2022
","74.916 km
",10852574951.0
HYUNDAI,HB20 LIMITED 1.0,"2022/2023
","63.024 km
",41972832198.0
FIAT,ARGO DRIVE 1.0,"2022/2023
","40.207 km
",38280092799.0
VOLKSWAGEN,VIRTUS MSI AT 1.6 4P,"2019/2020
","77.416 km
",93502598160.0
FIAT,ARGO FLEX 1.0 4P,"2022/2023
","77.416 km
",73683060332.0
HYUNDAI,HB20 LIMITED 1.0,"2022/2023
","56.395 km
",75052765891.0
HYUNDAI,HB20S PLATINUM TGDI AT 1.0 4P,"2022/2022
","27.540 km
",25227078629.0
VOLKSWAGEN,GOL 1.0,"2022/2023
","62.495 km
",29206736650.0
FIAT,MOBI LIKE 1.0,"2022/2023
","61.309 km
",82351098717.0
FIAT,MOBI LIKE 1.0,"2022/2023
","61.073 km
",58647642459.0
CHEVROLET,SPIN PREMIER 7L 1.8,"2022/2023
","42.525 km
",50706721418.0
FIAT,ARGO DRIVE 1.0,"2020/2021
","38.325 km
",30174177683.0
FIAT,ARGO FLEX 1.0 4P,"2021/2022
","37.220 km
",82703857356.0
VOLKSWAGEN,GOL 1.0,"2022/2023
","52.297 km
",33653402248.0
FIAT,MOBI LIKE 1.0,"2022/2023
","43.000 km
",72109905861.0
HYUNDAI,HB20 COMFORT 1.0,"2022/2023
","48.228 km
",7565970624.0
CHEVROLET,TRACKER PREMIER 1.2,"2022/2023
","52.938 km
",87323395081.0
HYUNDAI,HB20 COMFORT 1.0,"2022/2023
","49.434 km
",20030111961.0
VOLKSWAGEN,NIVUS HIGHLINE 200 TSI AT 1.0 4P,"2022/2022
","23.745 km
",71099038648.0
RENAULT,CAPTUR INTENSE AT SCE 1.6 4P,"2019/2020
","49.959 km
",25484553123.0
FIAT,UNO ATTRACTIVE EVO 1.0 4P,"2020/2020
","53.547 km
",8256221170.0
MITSUBISHI,ECLIPSE CROSS HPE 1.5,"2022/2023
","47.270 km
",33569696300.0
HYUNDAI,HB20 COMFORT 1.0,"2022/2023
","61.748 km
",44784950448.0
HYUNDAI,HB20 COMFORT 1.0,"2022/2023
","54.248 km
",73349373224.0
VOLKSWAGEN,NIVUS HIGHLINE 200 TSI AT 1.0 4P,"2022/2023
","3.896 km
",51995030402.0
RENAULT,CAPTUR INTENSE AT SCE 1.6 4P,"2019/2020
","83.226 km
",63340822470.0
RENAULT,DUSTER ZEN AT SCE 1.6 4P,"2020/2021
","95.258 km
",37800875607.0
VOLKSWAGEN,T-CROSS COMFORTLINE 1.0,"2022/2023
","42.663 km
",6047639254.0
FIAT,ARGO FLEX 1.0 4P,"2022/2023
","64.453 km
",8584673180.0
VOLKSWAGEN,VOYAGE MPI 1.0 4P,"2021/2022
","58.239 km
",65519587568.0
FIAT,MOBI LIKE 1.0,"2022/2023
","60.230 km
",79898019068.0
VOLKSWAGEN,JETTA R-LINE 250 TSI 1.4 4P,"2019/2020
","49.039 km
",45095795420.0
FIAT,TORO ENDURANCE FLEX MT 4X2 1.8 4P,"2020/2020
","37.115 km
",12328276183.0
FIAT,CRONOS DRIVE 1.0,"2022/2023
","40.676 km
",55540435995.0
VOLKSWAGEN,GOL MPI 1.0 4P,"2019/2020
","20.283 km
",74355796744.0
CHERY,TIGGO 5X PRO 1.5,"2022/2023
","16.866 km
",55133238781.0
CHEVROLET,ONIX PLUS LT 1.0,"2022/2023
","27.451 km
",81278072662.0
RENAULT,DUSTER EXPRESSION AT SCE 1.6 4P,"2019/2020
","50.706 km
",2772882704.0
RENAULT,DUSTER EXPRESSION AT SCE 1.6 4P,"2019/2020
","65.677 km
",96627522011.0
NISSAN,KICKS ACTIVE 1.6,"2022/2022
","46.502 km
",95072431894.0
VOLVO,XC40 T4 MOMENTUM 2.0,"2020/2021
","34.307 km
",51709805905.0
VOLKSWAGEN,GOL MPI 1.0 4P,"2022/2023
","47.931 km
",20805053925.0
JEEP,COMPASS LIMITED FLEX 4X2 AT 2.0 4P,"2020/2021
","35.874 km
",2319887133.0
VOLKSWAGEN,GOL MPI MT 1.6 4P,"2020/2021
","88.690 km
",64133410446.0
VOLKSWAGEN,TIGUAN ALLSPACE COMFORTLINE 7L 1.4,"2019/2019
","70.813 km
",88106742379.0
FIAT,ARGO DRIVE 1.0 4P,"2022/2022
","18.503 km
",11983775612.0
FIAT,CRONOS DRIVE 1.3,"2022/2022
","43.356 km
",43366597392.0
FIAT,CRONOS DRIVE 1.3 4P,"2022/2022
","50.926 km
",8982515519.0
VOLKSWAGEN,VOYAGE 1.6,"2021/2022
","61.897 km
",46216671215.0
TOYOTA,COROLLA XEI VVT-IE AT 2.0 4P,"2021/2022
","39.921 km
",66884818791.0
FIAT,ARGO DRIVE 1.0 4P,"2020/2020
","66.288 km
",15811348625.0
FIAT,STRADA CP ENDURANCE FLEX 1.4 2P,"2022/2022
","25.980 km
",29168178452.0
HYUNDAI,HB20 EVOLUTION 1.0 4P,"2022/2022
","78.809 km
",12356529944.0
HYUNDAI,HB20 VISION 1.0 4P,"2022/2022
","41.885 km
",83022647927.0
VOLKSWAGEN,VOYAGE MPI 1.0 4P,"2022/2023
","40.579 km
",6994352723.0
VOLKSWAGEN,GOL MPI 1.0 4P,"2021/2022
","73.549 km
",63108787574.0
FIAT,ARGO DRIVE 1.0,"2022/2022
","33.892 km
",87953848596.0
HYUNDAI,HB20 COMFORT 1.0,"2022/2023
 ","41.686 km
 ",5593827727.0
VOLKSWAGEN,VOYAGE 1.0,"2022/2023
 ","56.190 km
 ",46214623957.0
VOLKSWAGEN,VOYAGE 1.0,"2022/2023
 ","49.913 km
 ",7592640380.0
VOLKSWAGEN,VOYAGE 1.0,"2022/2023
 ","51.533 km
 ",91731000281.0
PEUGEOT,208 HATCH ACTIVE 1.6,"2022/2022
 ","45.127 km
 ",33782693146.0
FIAT,ARGO 1.0,"2022/2023
 ","49.048 km
 ",39980238842.0
FIAT,MOBI LIKE 1.0,"2022/2023
 ","67.369 km
 ",86578708400.0
HYUNDAI,HB20 SENSE 1.0,"2022/2023
 ","52.974 km
 ",81584625433.0
FIAT,ARGO DRIVE 1.0,"2022/2023
 ","52.296 km
 ",4356336663.0
FIAT,ARGO 1.0,"2022/2023
 ","34.714 km
 ",45044586514.0
FIAT,MOBI LIKE 1.0 4P,"2022/2023
 ","60.925 km
 ",27795220191.0
TOYOTA,COROLLA ALTIS HYBRID AT 1.8 4P,"2021/2022
 ","25.918 km
 ",75104525674.0
RENAULT,LOGAN ZEN 1.0,"2022/2023
 ","48.120 km
 ",51547031534.0
VOLKSWAGEN,VOYAGE 1.0,"2022/2023
 ","22.111 km
 ",64602587002.0
FIAT,UNO ATTRACTIVE EVO 1.0 4P,"2020/2020
 ","95.633 km
 ",69478695734.0
RENAULT,KWID ZEN 1.0 4P,"2022/2023
 ","18.187 km
 ",91745129881.0
VOLKSWAGEN,T-CROSS 200 TSI AT 1.0 4P,"2022/2022
 ","45.430 km
 ",5372353817.0
VOLKSWAGEN,GOL MPI 1.0 4P,"2022/2023
 ","68.410 km
 ",88086264516.0
VOLKSWAGEN,GOL MPI 1.0 4P,"2022/2023
 ","47.916 km
 ",68613722620.0
FIAT,ARGO FLEX 1.0 4P,"2022/2022
 ","65.625 km
 ",88510066340.0
CHEVROLET,ONIX PLUS TURBO LTZ MT 1.0 4P,"2022/2023
 ","30.035 km
 ",19028749400.0
VOLKSWAGEN,GOL MPI MT 1.6 4P,"2021/2022
 ","57.374 km
 ",10745329549.0
FIAT,MOBI LIKE 1.0 4P,"2022/2023
 ","13.411 km
 ",78869063898.0
FIAT,MOBI LIKE 1.0 4P,"2022/2023
 ","15.611 km
 ",55576237548.0
FIAT,MOBI LIKE 1.0 4P,"2022/2023
 ","55.178 km
 ",28462814534.0
VOLKSWAGEN,VOYAGE 1.6,"2021/2022
 ","72.963 km
 ",97912428371.0
CHEVROLET,ONIX JOY PLUS BLACK 1.0,"2021/2021
 ","69.456 km
 ",7269625476.0
FIAT,TORO ENDURANCE FLEX AT 4X2 1.8 4P,"2021/2022
 ","38.426 km
 ",88705446357.0
HYUNDAI,HB20 COMFORT 1.0,"2022/2023
 ","57.168 km
 ",51574887872.0
FIAT,CRONOS DRIVE 1.0,"2022/2023
 ","55.326 km
 ",75495456217.0
HYUNDAI,HB20S PLATINUM 1.0,"2022/2022
 ","60.763 km
 ",84067653364.0
CITROEN,C3 FEEL 1.0,"2022/2023
 ","40.344 km
 ",7413563795.0
FIAT,MOBI LIKE 1.0,"2021/2022
 ","56.354 km
 ",2601155641.0
HYUNDAI,HB20 COMFORT 1.0,"2022/2023
 ","55.614 km
 ",79699460716.0
CHERY,TIGGO 8 TXS 7L 1.6,"2022/2023
 ","9.433 km
 ",18489452383.0
FIAT,CRONOS DRIVE 1.3,"2022/2022
 ","40.243 km
 ",27129791349.0
CITROEN,C4 CACTUS FEEL AT 1.6 4P,"2022/2023
 ","40.120 km
 ",35077340075.0
VOLKSWAGEN,VOYAGE MPI 1.0 4P,"2022/2023
 ","51.330 km
 ",48464313295.0
FIAT,UNO ATTRACTIVE EVO 1.0 4P,"2020/2020
 ","21.868 km
 ",31772833704.0
FIAT,MOBI LIKE 1.0 4P,"2022/2023
 ","62.593 km
 ",97816681086.0
FIAT,ARGO DRIVE 1.0,"2022/2023
 ","45.869 km
 ",23733483133.0
FIAT,NOVA STRADA ENDURANCE CABINE PLUS 1.4,"2021/2022
 ","49.467 km
 ",57220863110.0
FIAT,ARGO 1.0,"2022/2022
 ","51.534 km
 ",99433940051.0
FIAT,ARGO DRIVE 1.0,"2022/2023
 ","49.740 km
 ",17226364834.0
VOLKSWAGEN,GOL MPI 1.0 4P,"2020/2021
 ","51.241 km
 ",54547603584.0
FIAT,ARGO 1.0,"2022/2023
 ","55.662 km
 ",25319386449.0
FIAT,MOBI LIKE 1.0,"2022/2023
 ","60.870 km
 ",87296045222.0
CHEVROLET,ONIX LTZ 1.0,"2023/2023
 ","15.520 km
 ",57061260411.0
VOLKSWAGEN,T-CROSS HIGHLINE 1.4,"2020/2021
 ","42.395 km
 ",4795347382.0
CITROEN,C3 FEEL 1.0,"2022/2023
 ","39.683 km
 ",50058774929.0
JEEP,RENEGADE LONGITUDE FLEX 4X2 AT 1.8 4P,"2021/2021
 ","30.063 km
 ",62373686316.0
RENAULT,DUSTER ICONIC AT SCE 1.6 4P,"2022/2023
 ","20.352 km
 ",25743471246.0
JEEP,RENEGADE LONGITUDE 1.8,"2021/2021
 ","61.145 km
 ",67915524212.0
FIAT,CRONOS DRIVE 1.0,"2022/2023
 ","57.985 km
 ",50220637797.0
HYUNDAI,HB20 EVOLUTION 1.0 4P,"2022/2022
 ","53.144 km
 ",51183358307.0
FIAT,MOBI LIKE 1.0 4P,"2021/2021
 ","33.712 km
 ",42292555524.0
CITROEN,C4 CACTUS FEEL AT 1.6 4P,"2022/2022
 ","40.925 km
 ",36220116237.0
FIAT,CRONOS DRIVE 1.3 4P,"2022/2022
 ","52.682 km
 ",83964510523.0
FORD,KA SEDAN SE PLUS AT 1.5 4P,"2020/2020
 ","41.973 km
 ",14894221547.0
JEEP,RENEGADE LONGITUDE FLEX 4X2 AT 1.8 4P,"2021/2021
 ","26.383 km
 ",36323588532.0
VOLKSWAGEN,GOL MPI 1.0 4P,"2022/2023
 ","57.741 km
 ",33910906187.0
FIAT,ARGO FLEX 1.0 4P,"2022/2023
 ","31.843 km
 ",3493959419.0
VOLKSWAGEN,VOYAGE MPI 1.0 4P,"2021/2022
 ","43.339 km
 ",3273603586.0
VOLKSWAGEN,VOYAGE 1.0,"2022/2023
 ","60.018 km
 ",36877047854.0
CHEVROLET,ONIX PLUS TURBO LTZ MT 1.0 4P,"2021/2022
 ","39.669 km
 ",43972258569.0
VOLKSWAGEN,GOL 1.0,"2022/2023
 ","49.899 km
 ",95203952747.0
FIAT,ARGO 1.0,"2022/2023
 ","51.826 km
 ",968142784.0
FIAT,MOBI LIKE 1.0 4P,"2022/2023
 ","17.259 km
 ",92262981898.0
VOLKSWAGEN,VOYAGE MPI AT 1.6 4P,"2021/2022
 ","77.396 km
 ",91949729127.0
VOLKSWAGEN,GOL MPI 1.0 4P,"2020/2021
 ","70.504 km
 ",66379305463.0
CITROEN,C3 FEEL 1.0,"2022/2023
 ","35.763 km
 ",45685244179.0
HYUNDAI,HB20 COMFORT 1.0,"2022/2023
 ","61.832 km
 ",87293447783.0
HYUNDAI,HB20 COMFORT 1.0,"2022/2023
 ","59.042 km
 ",83158111759.0
FIAT,ARGO FLEX 1.0 4P,"2021/2022
 ","32.622 km
 ",12968416139.0
FIAT,ARGO FLEX 1.0 4P,"2022/2023
 ","59.666 km
 ",8225586946.0
FIAT,MOBI LIKE 1.0 4P,"2022/2022
 ","56.781 km
 ",61493887839.0
CHEVROLET,ONIX PLUS TURBO LTZ AT 1.0 4P,"2022/2023
 ","30.004 km
 ",20346243938.0
HYUNDAI,HB20 VISION 1.0,"2022/2022
 ","74.916 km
 ",74453294527.0
HYUNDAI,HB20 LIMITED 1.0,"2022/2023
 ","63.024 km
 ",85009834135.0
FIAT,ARGO DRIVE 1.0,"2022/2023
 ","40.207 km
 ",53473028670.0
VOLKSWAGEN,VIRTUS MSI AT 1.6 4P,"2019/2020
 ","77.416 km
 ",67203904234.0
FIAT,ARGO FLEX 1.0 4P,"2022/2023
 ","77.416 km
 ",41199894577.0
HYUNDAI,HB20 LIMITED 1.0,"2022/2023
 ","56.395 km
 ",42066603092.0
HYUNDAI,HB20S PLATINUM TGDI AT 1.0 4P,"2022/2022
 ","27.540 km
 ",7497196868.0
VOLKSWAGEN,GOL 1.0,"2022/2023
 ","62.495 km
 ",15702242895.0
FIAT,MOBI LIKE 1.0,"2022/2023
 ","61.309 km
 ",82092573788.0
FIAT,MOBI LIKE 1.0,"2022/2023
 ","61.073 km
 ",64774922667.0
CHEVROLET,SPIN PREMIER 7L 1.8,"2022/2023
 ","42.525 km
 ",322227692.0
FIAT,ARGO DRIVE 1.0,"2020/2021
 ","38.325 km
 ",95204329346.0
FIAT,ARGO FLEX 1.0 4P,"2021/2022
 ","37.220 km
 ",91359713392.0
VOLKSWAGEN,GOL 1.0,"2022/2023
 ","52.297 km
 ",19178160843.0
FIAT,MOBI LIKE 1.0,"2022/2023
 ","43.000 km
 ",28760948468.0
HYUNDAI,HB20 COMFORT 1.0,"2022/2023
 ","48.228 km
 ",54728712994.0
CHEVROLET,TRACKER PREMIER 1.2,"2022/2023
 ","52.938 km
 ",65366635956.0
HYUNDAI,HB20 COMFORT 1.0,"2022/2023
 ","49.434 km
 ",93925391947.0
VOLKSWAGEN,NIVUS HIGHLINE 200 TSI AT 1.0 4P,"2022/2022
 ","23.745 km
 ",43647392179.0
RENAULT,CAPTUR INTENSE AT SCE 1.6 4P,"2019/2020
 ","49.959 km
 ",8306395823.0
FIAT,UNO ATTRACTIVE EVO 1.0 4P,"2020/2020
 ","53.547 km
 ",42131786671.0
MITSUBISHI,ECLIPSE CROSS HPE 1.5,"2022/2023
 ","47.270 km
 ",85980787470.0
HYUNDAI,HB20 COMFORT 1.0,"2022/2023
 ","61.748 km
 ",42495784010.0
HYUNDAI,HB20 COMFORT 1.0,"2022/2023
 ","54.248 km
 ",59411154385.0
VOLKSWAGEN,NIVUS HIGHLINE 200 TSI AT 1.0 4P,"2022/2023
 ","3.896 km
 ",57689159973.0
RENAULT,CAPTUR INTENSE AT SCE 1.6 4P,"2019/2020
 ","83.226 km
 ",77756452245.0
RENAULT,DUSTER ZEN AT SCE 1.6 4P,"2020/2021
 ","95.258 km
 ",45668983053.0
VOLKSWAGEN,T-CROSS COMFORTLINE 1.0,"2022/2023
 ","42.663 km
 ",21649449073.0
FIAT,ARGO FLEX 1.0 4P,"2022/2023
 ","64.453 km
 ",5491226088.0
VOLKSWAGEN,VOYAGE MPI 1.0 4P,"2021/2022
 ","58.239 km
 ",48856634421.0
FIAT,MOBI LIKE 1.0,"2022/2023
 ","60.230 km
 ",72093005576.0
VOLKSWAGEN,JETTA R-LINE 250 TSI 1.4 4P,"2019/2020
 ","49.039 km
 ",83754466552.0
FIAT,TORO ENDURANCE FLEX MT 4X2 1.8 4P,"2020/2020
 ","37.115 km
 ",57717629048.0
FIAT,CRONOS DRIVE 1.0,"2022/2023
 ","40.676 km
 ",42669551002.0
VOLKSWAGEN,GOL MPI 1.0 4P,"2019/2020
 ","20.283 km
 ",44778964090.0
CHERY,TIGGO 5X PRO 1.5,"2022/2023
 ","16.866 km
 ",34103537038.0
CHEVROLET,ONIX PLUS LT 1.0,"2022/2023
 ","27.451 km
 ",13490455632.0
RENAULT,DUSTER EXPRESSION AT SCE 1.6 4P,"2019/2020
 ","50.706 km
 ",79525668938.0
RENAULT,DUSTER EXPRESSION AT SCE 1.6 4P,"2019/2020
 ","65.677 km
 ",60176454983.0
VOLVO,XC40 T4 MOMENTUM 2.0,"2020/2021
 ","34.307 km
 ",99464517971.0
VOLKSWAGEN,GOL MPI 1.0 4P,"2022/2023
 ","47.931 km
 ",41150190453.0
JEEP,COMPASS LIMITED FLEX 4X2 AT 2.0 4P,"2020/2021
 ","35.874 km
 ",4642305399.0
VOLKSWAGEN,GOL MPI MT 1.6 4P,"2020/2021
 ","88.690 km
 ",13195780477.0
VOLKSWAGEN,TIGUAN ALLSPACE COMFORTLINE 7L 1.4,"2019/2019
 ","70.813 km
 ",52737548072.0
FIAT,ARGO DRIVE 1.0 4P,"2022/2022
 ","18.503 km
 ",11442464099.0
FIAT,CRONOS DRIVE 1.3,"2022/2022
 ","43.356 km
 ",44353456601.0
FIAT,CRONOS DRIVE 1.3 4P,"2022/2022
 ","50.926 km
 ",82492138587.0
VOLKSWAGEN,VOYAGE 1.6,"2021/2022
 ","61.897 km
 ",63678223804.0
TOYOTA,COROLLA XEI VVT-IE AT 2.0 4P,"2021/2022
 ","39.921 km
 ",24712262450.0
FIAT,ARGO DRIVE 1.0 4P,"2020/2020
 ","66.288 km
 ",19778653128.0
FIAT,STRADA CP ENDURANCE FLEX 1.4 2P,"2022/2022
 ","25.980 km
 ",2676251733.0
HYUNDAI,HB20 EVOLUTION 1.0 4P,"2022/2022
 ","78.809 km
 ",49122487928.0
HYUNDAI,HB20 VISION 1.0 4P,"2022/2022
 ","41.885 km
 ",70364352683.0
VOLKSWAGEN,VOYAGE MPI 1.0 4P,"2022/2023
 ","40.579 km
 ",82564501465.0
VOLKSWAGEN,GOL MPI 1.0 4P,"2021/2022
 ","73.549 km
 ",32415939601.0
FIAT,ARGO DRIVE 1.0,"2022/2022
 ","33.892 km
 ",86827900573.0
CHERY,TIGGO 8 TXS 7L 1.6,"2021/2022
 ","49.598 km
 ",86634270238.0
FIAT,MOBI LIKE 1.0,"2022/2023
 ","48.817 km
 ",32055146199.0
FIAT,MOBI LIKE 1.0,"2022/2023
 ","46.209 km
 ",94453638114.0
CITROEN,C3 FEEL 1.0,"2022/2023
 ","40.102 km
 ",96621734754.0
HYUNDAI,HB20 COMFORT 1.0,"2022/2023
 ","41.686 km
 ",71372313993.0
VOLKSWAGEN,VOYAGE 1.0,"2022/2023
 ","56.190 km
 ",52600015496.0
VOLKSWAGEN,VOYAGE 1.0,"2022/2023
 ","49.913 km
 ",65415455723.0
VOLKSWAGEN,VOYAGE 1.0,"2022/2023
 ","51.533 km
 ",21912076310.0
PEUGEOT,208 HATCH ACTIVE 1.6,"2022/2022
 ","45.127 km
 ",84515234733.0
FIAT,ARGO 1.0,"2022/2023
 ","49.048 km
 ",36163569326.0
FIAT,MOBI LIKE 1.0,"2022/2023
 ","67.369 km
 ",16686959816.0
HYUNDAI,HB20 SENSE 1.0,"2022/2023
 ","52.974 km
 ",84072208489.0
VOLKSWAGEN,GOL 1.6,"2021/2022
 ","22.243 km
 ",93493912973.0
FIAT,ARGO DRIVE 1.0,"2022/2023
 ","52.296 km
 ",57764197036.0
FIAT,ARGO 1.0,"2022/2023
 ","34.714 km
 ",18983030681.0
FIAT,MOBI LIKE 1.0,"2022/2023
 ","52.762 km
 ",23655035206.0
FIAT,MOBI LIKE 1.0 4P,"2022/2023
 ","60.925 km
 ",5548248702.0
TOYOTA,COROLLA ALTIS HYBRID AT 1.8 4P,"2021/2022
 ","25.918 km
 ",9400490117.0
RENAULT,LOGAN ZEN 1.0,"2022/2023
 ","48.120 km
 ",54149281588.0
VOLKSWAGEN,VOYAGE 1.0,"2022/2023
 ","22.111 km
 ",75664603957.0
FIAT,UNO ATTRACTIVE EVO 1.0 4P,"2020/2020
 ","95.633 km
 ",21410866922.0
RENAULT,KWID ZEN 1.0 4P,"2022/2023
 ","18.187 km
 ",55720103177.0
VOLKSWAGEN,T-CROSS 200 TSI AT 1.0 4P,"2022/2022
 ","45.430 km
 ",11613572087.0
VOLKSWAGEN,GOL MPI 1.0 4P,"2022/2023
 ","68.410 km
 ",42564794887.0
VOLKSWAGEN,GOL MPI 1.0 4P,"2022/2023
 ","47.916 km
 ",90218966354.0
FIAT,ARGO FLEX 1.0 4P,"2022/2022
 ","65.625 km
 ",31525731644.0
CHEVROLET,ONIX PLUS TURBO LTZ MT 1.0 4P,"2022/2023
 ","30.035 km
 ",4105568930.0
VOLKSWAGEN,GOL MPI MT 1.6 4P,"2021/2022
 ","57.374 km
 ",96681985711.0
FIAT,MOBI LIKE 1.0 4P,"2022/2023
 ","13.411 km
 ",87669336437.0
FIAT,MOBI LIKE 1.0 4P,"2022/2023
 ","15.611 km
 ",79724326448.0
FIAT,MOBI LIKE 1.0 4P,"2022/2023
 ","55.178 km
 ",67973190282.0
VOLKSWAGEN,VOYAGE 1.6,"2021/2022
 ","72.963 km
 ",87360512317.0
CHEVROLET,ONIX JOY PLUS BLACK 1.0,"2021/2021
 ","69.456 km
 ",26577395817.0
FIAT,TORO ENDURANCE FLEX AT 4X2 1.8 4P,"2021/2022
 ","38.426 km
 ",19511328404.0
HYUNDAI,HB20 COMFORT 1.0,"2022/2023
 ","57.168 km
 ",35807310997.0
FIAT,CRONOS DRIVE 1.0,"2022/2023
 ","55.326 km
 ",79335437194.0
HYUNDAI,HB20S PLATINUM 1.0,"2022/2022
 ","60.763 km
 ",25345260516.0
CITROEN,C3 FEEL 1.0,"2022/2023
 ","40.344 km
 ",81305780344.0
FIAT,MOBI LIKE 1.0,"2021/2022
 ","56.354 km
 ",91975609555.0
HYUNDAI,HB20 COMFORT 1.0,"2022/2023
 ","55.614 km
 ",59486882155.0
CHERY,TIGGO 8 TXS 7L 1.6,"2022/2023
 ","9.433 km
 ",30714862057.0
FIAT,CRONOS DRIVE 1.3,"2022/2022
 ","40.243 km
 ",65421203733.0
CITROEN,C4 CACTUS FEEL AT 1.6 4P,"2022/2023
 ","40.120 km
 ",27297939072.0
VOLKSWAGEN,VOYAGE MPI 1.0 4P,"2022/2023
 ","51.330 km
 ",2197564846.0
FIAT,UNO ATTRACTIVE EVO 1.0 4P,"2020/2020
 ","21.868 km
 ",2331663289.0
FIAT,MOBI LIKE 1.0 4P,"2022/2023
 ","62.593 km
 ",48906861889.0
FIAT,ARGO DRIVE 1.0,"2022/2023
 ","45.869 km
 ",2271207072.0
FIAT,NOVA STRADA ENDURANCE CABINE PLUS 1.4,"2021/2022
 ","49.467 km
 ",56309895583.0
FIAT,ARGO 1.0,"2022/2022
 ","51.534 km
 ",14980377495.0
FIAT,ARGO DRIVE 1.0,"2022/2023
 ","49.740 km
 ",79422515452.0
VOLKSWAGEN,GOL MPI 1.0 4P,"2020/2021
 ","51.241 km
 ",94203487101.0
FIAT,ARGO 1.0,"2022/2023
 ","55.662 km
 ",95732194790.0
FIAT,MOBI LIKE 1.0,"2022/2023
 ","60.870 km
 ",34986816598.0
CHEVROLET,ONIX LTZ 1.0,"2023/2023
 ","15.520 km
 ",61620849691.0
VOLKSWAGEN,T-CROSS HIGHLINE 1.4,"2020/2021
 ","42.395 km
 ",38958069658.0
CITROEN,C3 FEEL 1.0,"2022/2023
 ","39.683 km
 ",88208841552.0
JEEP,RENEGADE LONGITUDE FLEX 4X2 AT 1.8 4P,"2021/2021
 ","30.063 km
 ",24357523281.0
RENAULT,DUSTER ICONIC AT SCE 1.6 4P,"2022/2023
 ","20.352 km
 ",87991735593.0
JEEP,RENEGADE LONGITUDE 1.8,"2021/2021
 ","61.145 km
 ",76912762669.0
RENAULT,KWID ZEN 1.0,"2021/2022
 ","43.443 km
 ",33577185246.0
FIAT,CRONOS DRIVE 1.0,"2022/2023
 ","57.985 km
 ",84490929433.0
HYUNDAI,HB20 EVOLUTION 1.0 4P,"2022/2022
 ","53.144 km
 ",7385706768.0
FIAT,MOBI LIKE 1.0 4P,"2021/2021
 ","33.712 km
 ",10304686959.0
CITROEN,C4 CACTUS FEEL AT 1.6 4P,"2022/2022
 ","40.925 km
 ",49952984422.0
FIAT,CRONOS DRIVE 1.3 4P,"2022/2022
 ","52.682 km
 ",73307926018.0
FORD,KA SEDAN SE PLUS AT 1.5 4P,"2020/2020
 ","41.973 km
 ",89424316597.0
JEEP,RENEGADE LONGITUDE FLEX 4X2 AT 1.8 4P,"2021/2021
 ","26.383 km
 ",88173231876.0
VOLKSWAGEN,GOL MPI 1.0 4P,"2022/2023
 ","57.741 km
 ",50008538026.0
FIAT,ARGO FLEX 1.0 4P,"2022/2023
 ","31.843 km
 ",70833564166.0
VOLKSWAGEN,VOYAGE MPI 1.0 4P,"2021/2022
 ","43.339 km
 ",49240978203.0
VOLKSWAGEN,VOYAGE 1.0,"2022/2023
 ","60.018 km
 ",85860192690.0
CHEVROLET,ONIX PLUS TURBO LTZ MT 1.0 4P,"2021/2022
 ","39.669 km
 ",14709747444.0
VOLKSWAGEN,GOL 1.0,"2022/2023
 ","49.899 km
 ",86882958515.0
FIAT,ARGO 1.0,"2022/2023
 ","51.826 km
 ",62470239081.0
FIAT,MOBI LIKE 1.0 4P,"2022/2023
 ","17.259 km
 ",65373104313.0
VOLKSWAGEN,VOYAGE MPI AT 1.6 4P,"2021/2022
 ","77.396 km
 ",62043194789.0
VOLKSWAGEN,GOL MPI 1.0 4P,"2020/2021
 ","70.504 km
 ",94334852845.0
CITROEN,C3 FEEL 1.0,"2022/2023
 ","35.763 km
 ",27193767818.0
HYUNDAI,HB20 COMFORT 1.0,"2022/2023
 ","61.832 km
 ",21052573291.0
HYUNDAI,HB20 COMFORT 1.0,"2022/2023
 ","59.042 km
 ",6335101586.0
FIAT,ARGO FLEX 1.0 4P,"2021/2022
 ","32.622 km
 ",43032508881.0
FIAT,ARGO FLEX 1.0 4P,"2022/2023
 ","59.666 km
 ",51850952766.0
FIAT,MOBI LIKE 1.0 4P,"2022/2022
 ","56.781 km
 ",63143071975.0
CHEVROLET,ONIX PLUS TURBO LTZ AT 1.0 4P,"2022/2023
 ","30.004 km
 ",16615347028.0
HYUNDAI,HB20 VISION 1.0,"2022/2022
 ","74.916 km
 ",48855306520.0
HYUNDAI,HB20 LIMITED 1.0,"2022/2023
 ","63.024 km
 ",20172484357.0
FIAT,ARGO DRIVE 1.0,"2022/2023
 ","40.207 km
 ",14407257368.0
VOLKSWAGEN,VIRTUS MSI AT 1.6 4P,"2019/2020
 ","77.416 km
 ",56814581841.0
FIAT,ARGO FLEX 1.0 4P,"2022/2023
 ","77.416 km
 ",35668931032.0
HYUNDAI,HB20 LIMITED 1.0,"2022/2023
 ","56.395 km
 ",52500336360.0
HYUNDAI,HB20S PLATINUM TGDI AT 1.0 4P,"2022/2022
 ","27.540 km
 ",22350253268.0
VOLKSWAGEN,GOL 1.0,"2022/2023
 ","62.495 km
 ",13928667855.0
FIAT,MOBI LIKE 1.0,"2022/2023
 ","61.309 km
 ",42216865944.0
FIAT,MOBI LIKE 1.0,"2022/2023
 ","61.073 km
 ",38287582540.0
CHEVROLET,SPIN PREMIER 7L 1.8,"2022/2023
 ","42.525 km
 ",87819674360.0
FIAT,ARGO DRIVE 1.0,"2020/2021
 ","38.325 km
 ",6610733555.0
FIAT,ARGO FLEX 1.0 4P,"2021/2022
 ","37.220 km
 ",32175758049.0
VOLKSWAGEN,GOL 1.0,"2022/2023
 ","52.297 km
 ",51048113295.0
FIAT,MOBI LIKE 1.0,"2022/2023
 ","43.000 km
 ",87704332800.0
HYUNDAI,HB20 COMFORT 1.0,"2022/2023
 ","48.228 km
 ",20751877836.0
CHEVROLET,TRACKER PREMIER 1.2,"2022/2023
 ","52.938 km
 ",96797856425.0
HYUNDAI,HB20 COMFORT 1.0,"2022/2023
 ","49.434 km
 ",66262277435.0
CHEVROLET,ONIX PLUS LT 1.0,"2022/2023
 ","46.430 km
 ",31834113350.0
VOLKSWAGEN,NIVUS HIGHLINE 200 TSI AT 1.0 4P,"2022/2022
 ","23.745 km
 ",91700955166.0
RENAULT,CAPTUR INTENSE AT SCE 1.6 4P,"2019/2020
 ","49.959 km
 ",39473504292.0
FIAT,UNO ATTRACTIVE EVO 1.0 4P,"2020/2020
 ","53.547 km
 ",99514343385.0
MITSUBISHI,ECLIPSE CROSS HPE 1.5,"2022/2023
 ","47.270 km
 ",76207085927.0
HYUNDAI,HB20 COMFORT 1.0,"2022/2023
 ","61.748 km
 ",17485268483.0
HYUNDAI,HB20 COMFORT 1.0,"2022/2023
 ","54.248 km
 ",30453666978.0
VOLKSWAGEN,NIVUS HIGHLINE 200 TSI AT 1.0 4P,"2022/2023
 ","3.896 km
 ",76931261156.0
RENAULT,CAPTUR INTENSE AT SCE 1.6 4P,"2019/2020
 ","83.226 km
 ",40206098140.0
RENAULT,DUSTER ZEN AT SCE 1.6 4P,"2020/2021
 ","95.258 km
 ",60102664684.0
VOLKSWAGEN,T-CROSS COMFORTLINE 1.0,"2022/2023
 ","42.663 km
 ",34643456621.0
FIAT,ARGO FLEX 1.0 4P,"2022/2023
 ","64.453 km
 ",58342932229.0
VOLKSWAGEN,VOYAGE MPI 1.0 4P,"2021/2022
 ","58.239 km
 ",30884609158.0
FIAT,MOBI LIKE 1.0,"2022/2023
 ","60.230 km
 ",77239118566.0
VOLKSWAGEN,JETTA R-LINE 250 TSI 1.4 4P,"2019/2020
 ","49.039 km
 ",36716583672.0
FIAT,TORO ENDURANCE FLEX MT 4X2 1.8 4P,"2020/2020
 ","37.115 km
 ",22862531723.0
FIAT,CRONOS DRIVE 1.0,"2022/2023
 ","40.676 km
 ",37686120583.0
VOLKSWAGEN,GOL MPI 1.0 4P,"2019/2020
 ","20.283 km
 ",40773739136.0
CHERY,TIGGO 5X PRO 1.5,"2022/2023
 ","16.866 km
 ",20153321204.0
CHEVROLET,ONIX PLUS LT 1.0,"2022/2023
 ","27.451 km
 ",56572894026.0
RENAULT,DUSTER EXPRESSION AT SCE 1.6 4P,"2019/2020
 ","50.706 km
 ",2443477600.0
RENAULT,DUSTER EXPRESSION AT SCE 1.6 4P,"2019/2020
 ","65.677 km
 ",93819029528.0
VOLVO,XC40 T4 MOMENTUM 2.0,"2020/2021
 ","34.307 km
 ",63173230755.0
VOLKSWAGEN,GOL MPI 1.0 4P,"2022/2023
 ","47.931 km
 ",40912781199.0
JEEP,COMPASS LIMITED FLEX 4X2 AT 2.0 4P,"2020/2021
 ","35.874 km
 ",68235488261.0
VOLKSWAGEN,GOL MPI MT 1.6 4P,"2020/2021
 ","88.690 km
 ",34315316620.0
VOLKSWAGEN,TIGUAN ALLSPACE COMFORTLINE 7L 1.4,"2019/2019
 ","70.813 km
 ",58987123321.0
FIAT,ARGO DRIVE 1.0 4P,"2022/2022
 ","18.503 km
 ",96274523033.0
FIAT,CRONOS DRIVE 1.3,"2022/2022
 ","43.356 km
 ",41098074458.0
FIAT,CRONOS DRIVE 1.3 4P,"2022/2022
 ","50.926 km
 ",7081152891.0
VOLKSWAGEN,VOYAGE 1.6,"2021/2022
 ","61.897 km
 ",72185664221.0
TOYOTA,COROLLA XEI VVT-IE AT 2.0 4P,"2021/2022
 ","39.921 km
 ",56649727898.0
FIAT,ARGO DRIVE 1.0 4P,"2020/2020
 ","66.288 km
 ",74703900526.0
FIAT,STRADA CP ENDURANCE FLEX 1.4 2P,"2022/2022
 ","25.980 km
 ",24175492439.0
HYUNDAI,HB20 EVOLUTION 1.0 4P,"2022/2022
 ","78.809 km
 ",98014426375.0
HYUNDAI,HB20 VISION 1.0 4P,"2022/2022
 ","41.885 km
 ",84747801268.0
VOLKSWAGEN,VOYAGE MPI 1.0 4P,"2022/2023
 ","40.579 km
 ",38985739808.0
VOLKSWAGEN,GOL MPI 1.0 4P,"2021/2022
 ","73.549 km
 ",58221526147.0
FIAT,ARGO DRIVE 1.0,"2022/2022
 ","33.892 km
 ",836534363.0
FIAT,CRONOS DRIVE 1.3,"2022/2022
 ","46.225 km
 ",78517068747.0
FIAT,PULSE AUDACE 1.0,"2023/2023
 ","17.838 km
 ",59548284183.0
CHERY,TIGGO 8 TXS 7L 1.6,"2021/2022
 ","49.598 km
 ",93312966412.0
FIAT,MOBI LIKE 1.0,"2022/2023
 ","48.817 km
 ",48926827227.0
FIAT,MOBI LIKE 1.0,"2022/2023
 ","46.209 km
 ",85967993455.0
CITROEN,C3 FEEL 1.0,"2022/2023
 ","40.102 km
 ",46222519543.0
HYUNDAI,HB20 COMFORT 1.0,"2022/2023
 ","41.686 km
 ",39373171638.0
VOLKSWAGEN,VOYAGE 1.0,"2022/2023
 ","56.190 km
 ",17424467220.0
VOLKSWAGEN,VOYAGE 1.0,"2022/2023
 ","49.913 km
 ",37729695013.0
VOLKSWAGEN,VOYAGE 1.0,"2022/2023
 ","51.533 km
 ",97655316519.0
PEUGEOT,208 HATCH ACTIVE 1.6,"2022/2022
 ","45.127 km
 ",14746582357.0
FIAT,ARGO 1.0,"2022/2023
 ","49.048 km
 ",67497028199.0
FIAT,MOBI LIKE 1.0,"2022/2023
 ","67.369 km
 ",68894682619.0
HYUNDAI,HB20 SENSE 1.0,"2022/2023
 ","52.974 km
 ",87635087473.0
VOLKSWAGEN,GOL 1.6,"2021/2022
 ","22.243 km
 ",17528740614.0
FIAT,ARGO DRIVE 1.0,"2022/2023
 ","52.296 km
 ",54989162921.0
FIAT,ARGO 1.0,"2022/2023
 ","34.714 km
 ",20115801732.0
FIAT,MOBI LIKE 1.0,"2022/2023
 ","52.762 km
 ",40175275910.0
FIAT,MOBI LIKE 1.0 4P,"2022/2023
 ","60.925 km
 ",17737734631.0
TOYOTA,COROLLA ALTIS HYBRID AT 1.8 4P,"2021/2022
 ","25.918 km
 ",18425388752.0
RENAULT,LOGAN ZEN 1.0,"2022/2023
 ","48.120 km
 ",64211508914.0
VOLKSWAGEN,VOYAGE 1.0,"2022/2023
 ","22.111 km
 ",33016957731.0
FIAT,UNO ATTRACTIVE EVO 1.0 4P,"2020/2020
 ","95.633 km
 ",52379171851.0
RENAULT,KWID ZEN 1.0 4P,"2022/2023
 ","18.187 km
 ",64893883602.0
VOLKSWAGEN,T-CROSS 200 TSI AT 1.0 4P,"2022/2022
 ","45.430 km
 ",11521348390.0
VOLKSWAGEN,GOL MPI 1.0 4P,"2022/2023
 ","68.410 km
 ",25674130847.0
VOLKSWAGEN,GOL MPI 1.0 4P,"2022/2023
 ","47.916 km
 ",42648919390.0
FIAT,ARGO FLEX 1.0 4P,"2022/2022
 ","65.625 km
 ",62290457229.0
CHEVROLET,ONIX PLUS TURBO LTZ MT 1.0 4P,"2022/2023
 ","30.035 km
 ",98653203493.0
VOLKSWAGEN,GOL MPI MT 1.6 4P,"2021/2022
 ","57.374 km
 ",80961718305.0
FIAT,MOBI LIKE 1.0 4P,"2022/2023
 ","13.411 km
 ",99611298069.0
FIAT,MOBI LIKE 1.0 4P,"2022/2023
 ","15.611 km
 ",18363520701.0
FIAT,MOBI LIKE 1.0 4P,"2022/2023
 ","55.178 km
 ",87162735828.0
VOLKSWAGEN,VOYAGE 1.6,"2021/2022
 ","72.963 km
 ",71833582863.0
CHEVROLET,ONIX JOY PLUS BLACK 1.0,"2021/2021
 ","69.456 km
 ",29186936640.0
FIAT,TORO ENDURANCE FLEX AT 4X2 1.8 4P,"2021/2022
 ","38.426 km
 ",97116061876.0
HYUNDAI,HB20 COMFORT 1.0,"2022/2023
 ","57.168 km
 ",56185896470.0
FIAT,CRONOS DRIVE 1.0,"2022/2023
 ","55.326 km
 ",19319234728.0
HYUNDAI,HB20S PLATINUM 1.0,"2022/2022
 ","60.763 km
 ",16683706492.0
CITROEN,C3 FEEL 1.0,"2022/2023
 ","40.344 km
 ",66788284369.0
FIAT,MOBI LIKE 1.0,"2021/2022
 ","56.354 km
 ",68630212882.0
HYUNDAI,HB20 COMFORT 1.0,"2022/2023
 ","55.614 km
 ",20601448271.0
CHERY,TIGGO 8 TXS 7L 1.6,"2022/2023
 ","9.433 km
 ",67684159415.0
FIAT,CRONOS DRIVE 1.3,"2022/2022
 ","40.243 km
 ",75603973950.0
CITROEN,C4 CACTUS FEEL AT 1.6 4P,"2022/2023
 ","40.120 km
 ",11925002759.0
VOLKSWAGEN,VOYAGE MPI 1.0 4P,"2022/2023
 ","51.330 km
 ",91730038559.0
FIAT,UNO ATTRACTIVE EVO 1.0 4P,"2020/2020
 ","21.868 km
 ",92384654470.0
FIAT,MOBI LIKE 1.0 4P,"2022/2023
 ","62.593 km
 ",21065239261.0
FIAT,ARGO DRIVE 1.0,"2022/2023
 ","45.869 km
 ",57754211760.0
FIAT,NOVA STRADA ENDURANCE CABINE PLUS 1.4,"2021/2022
 ","49.467 km
 ",66513411319.0
FIAT,ARGO 1.0,"2022/2022
 ","51.534 km
 ",4539846670.0
FIAT,ARGO DRIVE 1.0,"2022/2023
 ","49.740 km
 ",38935308066.0
VOLKSWAGEN,GOL MPI 1.0 4P,"2020/2021
 ","51.241 km
 ",32995689086.0
FIAT,ARGO 1.0,"2022/2023
 ","55.662 km
 ",3722559746.0
FIAT,MOBI LIKE 1.0,"2022/2023
 ","60.870 km
 ",5558859368.0
CHEVROLET,ONIX LTZ 1.0,"2023/2023
 ","15.520 km
 ",85903054324.0
VOLKSWAGEN,T-CROSS HIGHLINE 1.4,"2020/2021
 ","42.395 km
 ",70107877092.0
CITROEN,C3 FEEL 1.0,"2022/2023
 ","39.683 km
 ",56081144273.0
JEEP,RENEGADE LONGITUDE FLEX 4X2 AT 1.8 4P,"2021/2021
 ","30.063 km
 ",7796503225.0
RENAULT,DUSTER ICONIC AT SCE 1.6 4P,"2022/2023
 ","20.352 km
 ",70693962600.0
RENAULT,KWID ZEN 1.0,"2021/2022
 ","43.443 km
 ",89027045951.0
FIAT,CRONOS DRIVE 1.0,"2022/2023
 ","57.985 km
 ",71309164086.0
HYUNDAI,HB20 EVOLUTION 1.0 4P,"2022/2022
 ","53.144 km
 ",32635328064.0
FIAT,MOBI LIKE 1.0 4P,"2021/2021
 ","33.712 km
 ",98406135461.0
CITROEN,C4 CACTUS FEEL AT 1.6 4P,"2022/2022
 ","40.925 km
 ",87376026855.0
FIAT,CRONOS DRIVE 1.3 4P,"2022/2022
 ","52.682 km
 ",93767776749.0
FORD,KA SEDAN SE PLUS AT 1.5 4P,"2020/2020
 ","41.973 km
 ",30803254876.0
JEEP,RENEGADE LONGITUDE FLEX 4X2 AT 1.8 4P,"2021/2021
 ","26.383 km
 ",71359886139.0
VOLKSWAGEN,GOL MPI 1.0 4P,"2022/2023
 ","57.741 km
 ",30435582368.0
FIAT,ARGO FLEX 1.0 4P,"2022/2023
 ","31.843 km
 ",74587410104.0
VOLKSWAGEN,VOYAGE MPI 1.0 4P,"2021/2022
 ","43.339 km
 ",21131637726.0
VOLKSWAGEN,VOYAGE 1.0,"2022/2023
 ","60.018 km
 ",35758226147.0
CHEVROLET,ONIX PLUS TURBO LTZ MT 1.0 4P,"2021/2022
 ","39.669 km
 ",46513486522.0
VOLKSWAGEN,GOL 1.0,"2022/2023
 ","49.899 km
 ",17320211986.0
FIAT,ARGO 1.0,"2022/2023
 ","51.826 km
 ",66543958415.0
FIAT,MOBI LIKE 1.0 4P,"2022/2023
 ","17.259 km
 ",47193828587.0
VOLKSWAGEN,VOYAGE MPI AT 1.6 4P,"2021/2022
 ","77.396 km
 ",28694993803.0
VOLKSWAGEN,GOL MPI 1.0 4P,"2020/2021
 ","70.504 km
 ",91006120256.0
CITROEN,C3 FEEL 1.0,"2022/2023
 ","35.763 km
 ",81781629397.0
HYUNDAI,HB20 COMFORT 1.0,"2022/2023
 ","61.832 km
 ",29967675992.0
HYUNDAI,HB20 COMFORT 1.0,"2022/2023
 ","59.042 km
 ",34660500647.0
FIAT,ARGO FLEX 1.0 4P,"2021/2022
 ","32.622 km
 ",30213705117.0
FIAT,ARGO FLEX 1.0 4P,"2022/2023
 ","59.666 km
 ",9723805624.0
FIAT,MOBI LIKE 1.0 4P,"2022/2022
 ","56.781 km
 ",20307076481.0
CHEVROLET,ONIX PLUS TURBO LTZ AT 1.0 4P,"2022/2023
 ","30.004 km
 ",65331984830.0
HYUNDAI,HB20 VISION 1.0,"2022/2022
 ","74.916 km
 ",62068185856.0
HYUNDAI,HB20 LIMITED 1.0,"2022/2023
 ","63.024 km
 ",39120266918.0
FIAT,ARGO DRIVE 1.0,"2022/2023
 ","40.207 km
 ",30861060690.0
VOLKSWAGEN,VIRTUS MSI AT 1.6 4P,"2019/2020
 ","77.416 km
 ",11740734664.0
FIAT,ARGO FLEX 1.0 4P,"2022/2023
 ","77.416 km
 ",70167748185.0
HYUNDAI,HB20 LIMITED 1.0,"2022/2023
 ","56.395 km
 ",76060551710.0
HYUNDAI,HB20S PLATINUM TGDI AT 1.0 4P,"2022/2022
 ","27.540 km
 ",93815262599.0
VOLKSWAGEN,GOL 1.0,"2022/2023
 ","62.495 km
 ",54527463319.0
FIAT,MOBI LIKE 1.0,"2022/2023
 ","61.309 km
 ",3391456377.0
FIAT,MOBI LIKE 1.0,"2022/2023
 ","61.073 km
 ",98274315399.0
CHEVROLET,SPIN PREMIER 7L 1.8,"2022/2023
 ","42.525 km
 ",24879274398.0
FIAT,ARGO DRIVE 1.0,"2020/2021
 ","38.325 km
 ",36885828468.0
FIAT,ARGO FLEX 1.0 4P,"2021/2022
 ","37.220 km
 ",93501871721.0
VOLKSWAGEN,GOL 1.0,"2022/2023
 ","52.297 km
 ",27952412408.0
FIAT,MOBI LIKE 1.0,"2022/2023
 ","43.000 km
 ",2479184151.0
HYUNDAI,HB20 COMFORT 1.0,"2022/2023
 ","48.228 km
 ",96229231622.0
CHEVROLET,TRACKER PREMIER 1.2,"2022/2023
 ","52.938 km
 ",82178472791.0
HYUNDAI,HB20 COMFORT 1.0,"2022/2023
 ","49.434 km
 ",45894404373.0
CHEVROLET,ONIX PLUS LT 1.0,"2022/2023
 ","46.430 km
 ",10728134597.0
VOLKSWAGEN,NIVUS HIGHLINE 200 TSI AT 1.0 4P,"2022/2022
 ","23.745 km
 ",55658912566.0
RENAULT,CAPTUR INTENSE AT SCE 1.6 4P,"2019/2020
 ","49.959 km
 ",51879405201.0
FIAT,UNO ATTRACTIVE EVO 1.0 4P,"2020/2020
 ","53.547 km
 ",94833862612.0
MITSUBISHI,ECLIPSE CROSS HPE 1.5,"2022/2023
 ","47.270 km
 ",53322527433.0
HYUNDAI,HB20 COMFORT 1.0,"2022/2023
 ","61.748 km
 ",94243496814.0
HYUNDAI,HB20 COMFORT 1.0,"2022/2023
 ","54.248 km
 ",87476914804.0
VOLKSWAGEN,NIVUS HIGHLINE 200 TSI AT 1.0 4P,"2022/2023
 ","3.896 km
 ",37576910076.0
RENAULT,CAPTUR INTENSE AT SCE 1.6 4P,"2019/2020
 ","83.226 km
 ",37997464523.0
RENAULT,DUSTER ZEN AT SCE 1.6 4P,"2020/2021
 ","95.258 km
 ",13493065541.0
VOLKSWAGEN,T-CROSS COMFORTLINE 1.0,"2022/2023
 ","42.663 km
 ",81328627608.0
FIAT,ARGO FLEX 1.0 4P,"2022/2023
 ","64.453 km
 ",66282043658.0
VOLKSWAGEN,VOYAGE MPI 1.0 4P,"2021/2022
 ","58.239 km
 ",39635270519.0
FIAT,MOBI LIKE 1.0,"2022/2023
 ","60.230 km
 ",58709088701.0
VOLKSWAGEN,JETTA R-LINE 250 TSI 1.4 4P,"2019/2020
 ","49.039 km
 ",92788324527.0
FIAT,TORO ENDURANCE FLEX MT 4X2 1.8 4P,"2020/2020
 ","37.115 km
 ",51869650831.0
FIAT,CRONOS DRIVE 1.0,"2022/2023
 ","40.676 km
 ",81137435206.0
VOLKSWAGEN,GOL MPI 1.0 4P,"2019/2020
 ","20.283 km
 ",35083062023.0
CHERY,TIGGO 5X PRO 1.5,"2022/2023
 ","16.866 km
 ",87218533203.0
CHEVROLET,ONIX PLUS LT 1.0,"2022/2023
 ","27.451 km
 ",50778152417.0
RENAULT,DUSTER EXPRESSION AT SCE 1.6 4P,"2019/2020
 ","50.706 km
 ",48134821583.0
RENAULT,DUSTER EXPRESSION AT SCE 1.6 4P,"2019/2020
 ","65.677 km
 ",29291478992.0
VOLVO,XC40 T4 MOMENTUM 2.0,"2020/2021
 ","34.307 km
 ",8611825230.0
VOLKSWAGEN,GOL MPI 1.0 4P,"2022/2023
 ","47.931 km
 ",34680472130.0
JEEP,COMPASS LIMITED FLEX 4X2 AT 2.0 4P,"2020/2021
 ","35.874 km
 ",35353594604.0
VOLKSWAGEN,GOL MPI MT 1.6 4P,"2020/2021
 ","88.690 km
 ",11253616549.0
VOLKSWAGEN,TIGUAN ALLSPACE COMFORTLINE 7L 1.4,"2019/2019
 ","70.813 km
 ",80926085133.0
FIAT,ARGO DRIVE 1.0 4P,"2022/2022
 ","18.503 km
 ",5226904712.0
FIAT,CRONOS DRIVE 1.3,"2022/2022
 ","43.356 km
 ",3466923296.0
FIAT,CRONOS DRIVE 1.3 4P,"2022/2022
 ","50.926 km
 ",51861359676.0
VOLKSWAGEN,VOYAGE 1.6,"2021/2022
 ","61.897 km
 ",3709604932.0
TOYOTA,COROLLA XEI VVT-IE AT 2.0 4P,"2021/2022
 ","39.921 km
 ",19518376119.0
FIAT,ARGO DRIVE 1.0 4P,"2020/2020
 ","66.288 km
 ",27495606177.0
FIAT,STRADA CP ENDURANCE FLEX 1.4 2P,"2022/2022
 ","25.980 km
 ",41927774404.0
HYUNDAI,HB20 EVOLUTION 1.0 4P,"2022/2022
 ","78.809 km
 ",43371219556.0
HYUNDAI,HB20 VISION 1.0 4P,"2022/2022
 ","41.885 km
 ",325040691.0
VOLKSWAGEN,VOYAGE MPI 1.0 4P,"2022/2023
 ","40.579 km
 ",80553343134.0
VOLKSWAGEN,GOL MPI 1.0 4P,"2021/2022
 ","73.549 km
 ",3955334031.0
FIAT,ARGO DRIVE 1.0,"2022/2022
 ","33.892 km
 ",23725582390.0
FIAT,CRONOS DRIVE 1.3,"2022/2022
 ","46.225 km
 ",41351365372.0
FIAT,PULSE AUDACE 1.0,"2023/2023
 ","17.838 km
 ",28711850266.0
CHERY,TIGGO 8 TXS 7L 1.6,"2021/2022
 ","49.598 km
 ",41169839708.0
FIAT,MOBI LIKE 1.0,"2022/2023
 ","48.817 km
 ",93166250933.0
FIAT,MOBI LIKE 1.0,"2022/2023
 ","46.209 km
 ",50389197377.0
CITROEN,C3 FEEL 1.0,"2022/2023
 ","40.102 km
 ",42202717933.0
HYUNDAI,HB20 COMFORT 1.0,"2022/2023
 ","41.686 km
 ",14630265997.0
VOLKSWAGEN,VOYAGE 1.0,"2022/2023
 ","56.190 km
 ",75040072223.0
VOLKSWAGEN,VOYAGE 1.0,"2022/2023
 ","49.913 km
 ",71724494910.0
PEUGEOT,208 HATCH ACTIVE 1.6,"2022/2022
 ","45.127 km
 ",38572266613.0
FIAT,ARGO 1.0,"2022/2023
 ","49.048 km
 ",88881663971.0
FIAT,MOBI LIKE 1.0,"2022/2023
 ","67.369 km
 ",16090736553.0
HYUNDAI,HB20 SENSE 1.0,"2022/2023
 ","52.974 km
 ",8468613650.0
VOLKSWAGEN,GOL 1.6,"2021/2022
 ","22.243 km
 ",74493350933.0
FIAT,ARGO DRIVE 1.0,"2022/2023
 ","52.296 km
 ",95148723407.0
FIAT,ARGO 1.0,"2022/2023
 ","34.714 km
 ",11479432746.0
FIAT,MOBI LIKE 1.0,"2022/2023
 ","52.762 km
 ",48541298571.0
FIAT,MOBI LIKE 1.0 4P,"2022/2023
 ","60.925 km
 ",40994942905.0
TOYOTA,COROLLA ALTIS HYBRID AT 1.8 4P,"2021/2022
 ","25.918 km
 ",21164445048.0
RENAULT,LOGAN ZEN 1.0,"2022/2023
 ","48.120 km
 ",1292637485.0
VOLKSWAGEN,VOYAGE 1.0,"2022/2023
 ","22.111 km
 ",76104441614.0
FIAT,UNO ATTRACTIVE EVO 1.0 4P,"2020/2020
 ","95.633 km
 ",631083846.0
RENAULT,KWID ZEN 1.0 4P,"2022/2023
 ","18.187 km
 ",41179269270.0
VOLKSWAGEN,T-CROSS 200 TSI AT 1.0 4P,"2022/2022
 ","45.430 km
 ",45444947431.0
VOLKSWAGEN,GOL MPI 1.0 4P,"2022/2023
 ","68.410 km
 ",92640600831.0
VOLKSWAGEN,GOL MPI 1.0 4P,"2022/2023
 ","47.916 km
 ",43383449977.0
FIAT,ARGO FLEX 1.0 4P,"2022/2022
 ","65.625 km
 ",20456873954.0
CHEVROLET,ONIX PLUS TURBO LTZ MT 1.0 4P,"2022/2023
 ","30.035 km
 ",1275468606.0
VOLKSWAGEN,GOL MPI MT 1.6 4P,"2021/2022
 ","57.374 km
 ",90626399230.0
FIAT,MOBI LIKE 1.0 4P,"2022/2023
 ","13.411 km
 ",11828584796.0
FIAT,MOBI LIKE 1.0 4P,"2022/2023
 ","15.611 km
 ",25983099869.0
FIAT,MOBI LIKE 1.0 4P,"2022/2023
 ","55.178 km
 ",79088073173.0
VOLKSWAGEN,VOYAGE 1.6,"2021/2022
 ","72.963 km
 ",71925642993.0
CHEVROLET,ONIX JOY PLUS BLACK 1.0,"2021/2021
 ","69.456 km
 ",38317980275.0
FIAT,TORO ENDURANCE FLEX AT 4X2 1.8 4P,"2021/2022
 ","38.426 km
 ",57873468336.0
HYUNDAI,HB20 COMFORT 1.0,"2022/2023
 ","57.168 km
 ",70030821777.0
FIAT,CRONOS DRIVE 1.0,"2022/2023
 ","55.326 km
 ",39449275078.0
HYUNDAI,HB20S PLATINUM 1.0,"2022/2022
 ","60.763 km
 ",27054363900.0
CITROEN,C3 FEEL 1.0,"2022/2023
 ","40.344 km
 ",3836336829.0
FIAT,MOBI LIKE 1.0,"2021/2022
 ","56.354 km
 ",17947109519.0
HYUNDAI,HB20 COMFORT 1.0,"2022/2023
 ","55.614 km
 ",12987753890.0
CHERY,TIGGO 8 TXS 7L 1.6,"2022/2023
 ","9.433 km
 ",72371332784.0
FIAT,CRONOS DRIVE 1.3,"2022/2022
 ","40.243 km
 ",77928341421.0
CITROEN,C4 CACTUS FEEL AT 1.6 4P,"2022/2023
 ","40.120 km
 ",47666496780.0
VOLKSWAGEN,VOYAGE MPI 1.0 4P,"2022/2023
 ","51.330 km
 ",52436673212.0
FIAT,UNO ATTRACTIVE EVO 1.0 4P,"2020/2020
 ","21.868 km
 ",30636038015.0
FIAT,MOBI LIKE 1.0 4P,"2022/2023
 ","62.593 km
 ",71541836398.0
FIAT,ARGO DRIVE 1.0,"2022/2023
 ","45.869 km
 ",3937694850.0
FIAT,NOVA STRADA ENDURANCE CABINE PLUS 1.4,"2021/2022
 ","49.467 km
 ",27168989844.0
FIAT,ARGO 1.0,"2022/2022
 ","51.534 km
 ",23869786088.0
FIAT,ARGO DRIVE 1.0,"2022/2023
 ","49.740 km
 ",53601525493.0
VOLKSWAGEN,GOL MPI 1.0 4P,"2020/2021
 ","51.241 km
 ",31602729447.0
FIAT,ARGO 1.0,"2022/2023
 ","55.662 km
 ",24781118400.0
FIAT,MOBI LIKE 1.0,"2022/2023
 ","60.870 km
 ",95975972079.0
CHEVROLET,ONIX LT 1.0,"2023/2023
 ","15.520 km
 ",44211369275.0
VOLKSWAGEN,T-CROSS HIGHLINE 1.4,"2020/2021
 ","42.395 km
 ",68462941727.0
CITROEN,C3 FEEL 1.0,"2022/2023
 ","39.683 km
 ",49622693248.0
JEEP,RENEGADE LONGITUDE FLEX 4X2 AT 1.8 4P,"2021/2021
 ","30.063 km
 ",25852510007.0
RENAULT,DUSTER ICONIC AT SCE 1.6 4P,"2022/2023
 ","20.352 km
 ",59840080645.0
RENAULT,KWID ZEN 1.0,"2021/2022
 ","43.443 km
 ",8237785162.0
FIAT,CRONOS DRIVE 1.0,"2022/2023
 ","57.985 km
 ",80581721222.0
HYUNDAI,HB20 EVOLUTION 1.0 4P,"2022/2022
 ","53.144 km
 ",7698347883.0
FIAT,MOBI LIKE 1.0 4P,"2021/2021
 ","33.712 km
 ",56861681444.0
CITROEN,C4 CACTUS FEEL AT 1.6 4P,"2022/2022
 ","40.925 km
 ",41052932552.0
FIAT,CRONOS DRIVE 1.3 4P,"2022/2022
 ","52.682 km
 ",28090908709.0
FORD,KA SEDAN SE PLUS AT 1.5 4P,"2020/2020
 ","41.973 km
 ",36776584533.0
JEEP,RENEGADE LONGITUDE FLEX 4X2 AT 1.8 4P,"2021/2021
 ","26.383 km
 ",30499450123.0
VOLKSWAGEN,GOL MPI 1.0 4P,"2022/2023
 ","57.741 km
 ",58008946496.0
FIAT,ARGO FLEX 1.0 4P,"2022/2023
 ","31.843 km
 ",18700408252.0
VOLKSWAGEN,VOYAGE MPI 1.0 4P,"2021/2022
 ","43.339 km
 ",28008780657.0
VOLKSWAGEN,VOYAGE 1.0,"2022/2023
 ","60.018 km
 ",74567192902.0
CHEVROLET,ONIX PLUS TURBO LTZ MT 1.0 4P,"2021/2022
 ","39.669 km
 ",9741526657.0
VOLKSWAGEN,GOL 1.0,"2022/2023
 ","49.899 km
 ",94947160436.0
FIAT,ARGO 1.0,"2022/2023
 ","51.826 km
 ",41648077520.0
FIAT,MOBI LIKE 1.0 4P,"2022/2023
 ","17.259 km
 ",87722083906.0
VOLKSWAGEN,VOYAGE MPI AT 1.6 4P,"2021/2022
 ","77.396 km
 ",46230467476.0
VOLKSWAGEN,GOL MPI 1.0 4P,"2020/2021
 ","70.504 km
 ",10321438238.0
CITROEN,C3 FEEL 1.0,"2022/2023
 ","35.763 km
 ",66718604876.0
HYUNDAI,HB20 COMFORT 1.0,"2022/2023
 ","61.832 km
 ",17035381609.0
HYUNDAI,HB20 COMFORT 1.0,"2022/2023
 ","59.042 km
 ",11485878716.0
FIAT,ARGO FLEX 1.0 4P,"2021/2022
 ","32.622 km
 ",36205977557.0
FIAT,ARGO FLEX 1.0 4P,"2022/2023
 ","59.666 km
 ",1215426481.0
FIAT,MOBI LIKE 1.0 4P,"2022/2022
 ","56.781 km
 ",66919864606.0
CHEVROLET,ONIX PLUS TURBO LTZ AT 1.0 4P,"2022/2023
 ","30.004 km
 ",54406470603.0
HYUNDAI,HB20 VISION 1.0,"2022/2022
 ","74.916 km
 ",197319243.0
HYUNDAI,HB20 LIMITED 1.0,"2022/2023
 ","63.024 km
 ",29159323756.0
FIAT,ARGO DRIVE 1.0,"2022/2023
 ","40.207 km
 ",46486641894.0
VOLKSWAGEN,VIRTUS MSI AT 1.6 4P,"2019/2020
 ","77.416 km
 ",93105361383.0
FIAT,ARGO FLEX 1.0 4P,"2022/2023
 ","77.416 km
 ",26017382351.0
HYUNDAI,HB20 LIMITED 1.0,"2022/2023
 ","56.395 km
 ",40901835935.0
HYUNDAI,HB20S PLATINUM TGDI AT 1.0 4P,"2022/2022
 ","27.540 km
 ",23189022436.0
VOLKSWAGEN,GOL 1.0,"2022/2023
 ","62.495 km
 ",26442479819.0
FIAT,MOBI LIKE 1.0,"2022/2023
 ","61.309 km
 ",97113697504.0
FIAT,MOBI LIKE 1.0,"2022/2023
 ","61.073 km
 ",3678151763.0
CHEVROLET,SPIN PREMIER 7L 1.8,"2022/2023
 ","42.525 km
 ",18291053288.0
FIAT,ARGO DRIVE 1.0,"2020/2021
 ","38.325 km
 ",44366514201.0
FIAT,ARGO FLEX 1.0 4P,"2021/2022
 ","37.220 km
 ",74983262739.0
VOLKSWAGEN,GOL 1.0,"2022/2023
 ","52.297 km
 ",4308329502.0
FIAT,MOBI LIKE 1.0,"2022/2023
 ","43.000 km
 ",84947247461.0
HYUNDAI,HB20 COMFORT 1.0,"2022/2023
 ","48.228 km
 ",34846893621.0
CHEVROLET,TRACKER PREMIER 1.2,"2022/2023
 ","52.938 km
 ",93336748483.0
HYUNDAI,HB20 COMFORT 1.0,"2022/2023
 ","49.434 km
 ",49627860871.0
CHEVROLET,ONIX PLUS LT 1.0,"2022/2023
 ","46.430 km
 ",44449476803.0
VOLKSWAGEN,NIVUS HIGHLINE 200 TSI AT 1.0 4P,"2022/2022
 ","23.745 km
 ",43447351399.0
RENAULT,CAPTUR INTENSE AT SCE 1.6 4P,"2019/2020
 ","49.959 km
 ",56219635322.0
FIAT,UNO ATTRACTIVE EVO 1.0 4P,"2020/2020
 ","53.547 km
 ",91277998518.0
MITSUBISHI,ECLIPSE CROSS HPE 1.5,"2022/2023
 ","47.270 km
 ",11183594772.0
HYUNDAI,HB20 COMFORT 1.0,"2022/2023
 ","61.748 km
 ",86827162828.0
VOLKSWAGEN,NIVUS HIGHLINE 200 TSI AT 1.0 4P,"2022/2023
 ","3.896 km
 ",14691555980.0
RENAULT,CAPTUR INTENSE AT SCE 1.6 4P,"2019/2020
 ","83.226 km
 ",90005583576.0
RENAULT,DUSTER ZEN AT SCE 1.6 4P,"2020/2021
 ","95.258 km
 ",94318440425.0
FIAT,ARGO FLEX 1.0 4P,"2022/2023
 ","64.453 km
 ",83614069413.0
VOLKSWAGEN,VOYAGE MPI 1.0 4P,"2021/2022
 ","58.239 km
 ",97313810825.0
FIAT,MOBI LIKE 1.0,"2022/2023
 ","60.230 km
 ",71221885737.0
VOLKSWAGEN,JETTA R-LINE 250 TSI 1.4 4P,"2019/2020
 ","49.039 km
 ",55680554294.0
FIAT,TORO ENDURANCE FLEX MT 4X2 1.8 4P,"2020/2020
 ","37.115 km
 ",60035516402.0
FIAT,CRONOS DRIVE 1.0,"2022/2023
 ","40.676 km
 ",98593881260.0
VOLKSWAGEN,GOL MPI 1.0 4P,"2019/2020
 ","20.283 km
 ",78357473651.0
CHERY,TIGGO 5X PRO 1.5,"2022/2023
 ","16.866 km
 ",47194664010.0
CHEVROLET,ONIX PLUS LT 1.0,"2022/2023
 ","27.451 km
 ",76261455235.0
RENAULT,DUSTER EXPRESSION AT SCE 1.6 4P,"2019/2020
 ","50.706 km
 ",73140680749.0
RENAULT,DUSTER EXPRESSION AT SCE 1.6 4P,"2019/2020
 ","65.677 km
 ",25329812449.0
VOLVO,XC40 T4 MOMENTUM 2.0,"2020/2021
 ","34.307 km
 ",70400682463.0
VOLKSWAGEN,GOL MPI 1.0 4P,"2022/2023
 ","47.931 km
 ",14452700982.0
JEEP,COMPASS LIMITED FLEX 4X2 AT 2.0 4P,"2020/2021
 ","35.874 km
 ",38031847383.0
VOLKSWAGEN,GOL MPI MT 1.6 4P,"2020/2021
 ","88.690 km
 ",19166415945.0
VOLKSWAGEN,TIGUAN ALLSPACE COMFORTLINE 7L 1.4,"2019/2019
 ","70.813 km
 ",85087359179.0
FIAT,ARGO DRIVE 1.0 4P,"2022/2022
 ","18.503 km
 ",88412061942.0
FIAT,CRONOS DRIVE 1.3,"2022/2022
 ","43.356 km
 ",35358213401.0
FIAT,CRONOS DRIVE 1.3 4P,"2022/2022
 ","50.926 km
 ",4808392149.0
VOLKSWAGEN,VOYAGE 1.6,"2021/2022
 ","61.897 km
 ",82309787030.0
TOYOTA,COROLLA XEI VVT-IE AT 2.0 4P,"2021/2022
 ","39.921 km
 ",76687398368.0
FIAT,ARGO DRIVE 1.0 4P,"2020/2020
 ","66.288 km
 ",73659553984.0
FIAT,STRADA CP ENDURANCE FLEX 1.4 2P,"2022/2022
 ","25.980 km
 ",62448006298.0
HYUNDAI,HB20 EVOLUTION 1.0 4P,"2022/2022
 ","78.809 km
 ",2178545200.0
HYUNDAI,HB20 VISION 1.0 4P,"2022/2022
 ","41.885 km
 ",29952693989.0
VOLKSWAGEN,VOYAGE MPI 1.0 4P,"2022/2023
 ","40.579 km
 ",37345170382.0
VOLKSWAGEN,GOL MPI 1.0 4P,"2021/2022
 ","73.549 km
 ",65980325010.0
FIAT,ARGO DRIVE 1.0,"2022/2022
 ","33.892 km
 ",78380782144.0
FIAT,ARGO 1.0,"2022/2023
 ","49.281 km
 ",73157579290.0
FIAT,CRONOS DRIVE 1.3,"2022/2022
 ","46.225 km
 ",16401145187.0
FIAT,PULSE AUDACE 1.0,"2023/2023
 ","17.838 km
 ",73441774788.0
CHERY,TIGGO 8 TXS 7L 1.6,"2021/2022
 ","49.598 km
 ",9773082973.0
FIAT,MOBI LIKE 1.0,"2022/2023
 ","48.817 km
 ",57838663496.0
FIAT,MOBI LIKE 1.0,"2022/2023
 ","46.209 km
 ",64748064979.0
CITROEN,C3 FEEL 1.0,"2022/2023
 ","40.102 km
 ",13801196682.0
HYUNDAI,HB20 COMFORT 1.0,"2022/2023
 ","41.686 km
 ",97695482221.0
VOLKSWAGEN,VOYAGE 1.0,"2022/2023
 ","56.190 km
 ",57444109033.0
VOLKSWAGEN,VOYAGE 1.0,"2022/2023
 ","49.913 km
 ",41630773303.0
PEUGEOT,208 HATCH ACTIVE 1.6,"2022/2022
 ","45.127 km
 ",18926677579.0
FIAT,ARGO DRIVE 1.0,"2022/2022
 ","35.826 km
 ",
